Id,MSZoning,LotArea,Neighborhood,BldgType,HouseStyle,OverallQual,OverallCond,YearBuilt,YearRemodAdd,Foundation,TotalBsmtSF,1stFlrSF,2ndFlrSF,GrLivArea,FullBath,HalfBath,BedroomAbvGr,TotRmsAbvGrd,Fireplaces,GarageCars,GarageArea,PavedDrive,CentralAir,KitchenQual,SalePrice
1,RL,9302,Indiranagar,1Fam,1Story,7,4,1980,1989,PConc,1012.0,1148,675,1823,2,0,2,6,2,0.0,26.0,Y,Y,TA,12203945
2,RM,6561,Andheri,Duplex,1Story,8,8,2000,2017,CBlock,1200.0,819,790,1609,2,0,4,7,0,0.0,,Y,Y,Gd,11443647
3,RL,9387,Malad,Duplex,1Story,6,4,1997,2012,CBlock,922.0,1033,304,1337,1,1,5,7,0,3.0,515.0,Y,Y,Gd,9557198
4,C,5889,Whitefield,1Fam,2Story,6,5,2013,2020,PConc,1049.0,1594,275,1869,3,1,2,6,1,0.0,0.0,Y,Y,Ex,17646797
5,RL,7319,Indiranagar,1Fam,1Story,10,9,1975,1975,PConc,937.0,1726,203,1929,1,1,4,6,1,3.0,683.0,Y,N,Gd,12795155
6,RL,8142,Viman Nagar,Duplex,1Story,6,6,2010,2021,BrkTil,576.0,634,429,1063,1,0,3,6,1,,360.0,Y,N,TA,10036344
7,RL,8569,Koramangala,1Fam,1Story,4,6,1985,1992,PConc,998.0,1225,718,1943,3,0,5,9,1,0.0,,Y,Y,Ex,14884543
8,RM,8243,Indiranagar,1Fam,2Story,6,5,1973,1988,CBlock,716.0,1152,372,1524,3,0,2,6,0,3.0,649.0,Y,Y,TA,12464964
9,RM,6334,Malad,1Fam,SplitLevel,5,3,2004,2021,PConc,1124.0,1072,540,1612,3,0,2,6,0,1.0,230.0,Y,Y,Gd,10247451
10,RL,9187,Whitefield,1Fam,2Story,10,9,2017,2020,PConc,579.0,1076,81,1157,2,0,2,5,0,2.0,,Y,Y,TA,13015083
11,RL,6751,Andheri,1Fam,1Story,3,8,1995,2000,CBlock,814.0,1031,369,1400,1,0,2,4,1,3.0,594.0,Y,Y,Gd,10254450
12,RL,5861,Malad,1Fam,1Story,6,5,1981,1992,PConc,600.0,975,109,1084,2,1,5,9,0,2.0,470.0,Y,Y,TA,8410210
13,FV,5891,Malad,1Fam,SplitLevel,8,8,1980,1988,PConc,840.0,837,223,1060,3,1,5,10,2,1.0,201.0,Y,N,TA,7926137
14,RM,10879,Koramangala,1Fam,1Story,3,7,2006,2020,PConc,994.0,1585,203,1788,2,0,3,6,1,1.0,271.0,Y,Y,TA,11543695
15,RL,5516,Powai,1Fam,1Story,4,6,1994,2009,BrkTil,614.0,947,475,1422,3,1,3,7,2,3.0,674.0,Y,Y,TA,11717166
16,RL,9583,Whitefield,1Fam,1Story,8,8,1987,1998,BrkTil,414.0,869,81,950,3,1,3,8,1,3.0,553.0,Y,Y,Ex,13285318
17,RL,4729,Bandra,1Fam,2Story,3,4,1988,2001,CBlock,1710.0,1713,975,2688,1,1,4,7,0,1.0,185.0,Y,N,Fa,12035085
18,C,7975,Malad,1Fam,1Story,8,8,1992,2004,CBlock,663.0,801,236,1037,1,1,3,6,1,3.0,632.0,Y,Y,TA,8777409
19,RL,7594,Powai,1Fam,1Story,4,7,2007,2008,CBlock,,1302,844,2146,1,0,5,7,2,1.0,123.0,Y,Y,TA,11503769
20,RM,10242,Bandra,1Fam,2Story,10,9,1987,1989,BrkTil,493.0,635,226,861,2,1,4,7,1,0.0,0.0,Y,Y,TA,11583253
21,RL,5691,Whitefield,1Fam,2Story,5,6,1995,2004,CBlock,770.0,1204,624,1828,1,0,5,7,2,3.0,,Y,N,Gd,11888085
22,RL,5138,Saket,Duplex,2Story,4,5,1975,1983,CBlock,894.0,933,541,1474,3,0,4,8,0,2.0,368.0,Y,Y,Ex,9761107
23,RL,6766,Viman Nagar,1Fam,1Story,4,7,1973,1992,PConc,773.0,1263,22,1285,1,1,3,5,2,1.0,229.0,Y,Y,TA,9822590
24,C,10329,Powai,Apartment,2Story,8,6,2013,2020,PConc,780.0,984,714,1698,2,0,3,6,0,0.0,0.0,Y,Y,Fa,11627841
25,FV,5231,Sector17,1Fam,1Story,10,8,2020,2024,CBlock,,1457,174,1631,1,1,3,6,2,3.0,,N,Y,Ex,14567983
26,RL,2000,Saket,Apartment,2Story,9,9,1998,2016,PConc,536.0,1183,10,1193,1,0,4,7,0,1.0,237.0,Y,N,TA,7218487
27,RL,7119,Viman Nagar,1Fam,2Story,7,3,2003,2005,PConc,515.0,597,574,1171,1,0,5,7,2,0.0,68.0,Y,Y,TA,10623902
28,RL,8899,Koramangala,1Fam,1Story,6,9,1986,1990,CBlock,523.0,690,123,813,2,1,2,5,0,3.0,564.0,Y,Y,Fa,7666979
29,RM,4972,Indiranagar,1Fam,1Story,6,3,2012,2014,PConc,838.0,1097,655,1752,3,1,5,9,0,1.0,139.0,Y,N,Gd,14429573
30,RM,8695,Andheri,Apartment,1Story,5,4,2012,2024,CBlock,487.0,506,467,973,3,0,3,8,0,1.0,198.0,Y,Y,Ex,13206422
31,RL,4928,Sector17,1Fam,1Story,5,9,2022,2024,PConc,751.0,1123,478,1601,3,1,4,9,2,1.0,223.0,Y,N,Gd,10188544
32,RL,6706,Koramangala,Apartment,1Story,6,6,1985,1999,CBlock,1484.0,1834,62,1896,1,0,4,7,2,3.0,563.0,Y,Y,TA,13381830
33,C,8505,Whitefield,1Fam,2Story,7,3,1971,1973,PConc,1264.0,862,842,1704,1,1,3,6,0,0.0,83.0,N,Y,Fa,8700952
34,RM,4625,Koramangala,Duplex,1Story,6,5,2003,2014,BrkTil,,982,256,1238,2,0,4,7,1,1.0,192.0,Y,Y,TA,10649392
35,RL,7363,Indiranagar,Apartment,SplitLevel,9,6,1977,1985,PConc,1090.0,1541,513,2054,3,0,3,8,0,0.0,0.0,Y,Y,Fa,11890576
36,RM,9429,Whitefield,Apartment,1Story,7,5,1982,1993,CBlock,675.0,1307,89,1396,1,0,5,8,1,0.0,96.0,Y,N,TA,9823279
37,C,7947,Sector17,Duplex,1Story,5,9,2011,2024,CBlock,556.0,505,427,932,1,0,4,6,0,,463.0,Y,N,TA,8140504
38,RL,5558,Indiranagar,1Fam,1Story,3,5,1977,1978,PConc,594.0,1225,233,1458,1,0,2,4,2,0.0,0.0,N,Y,Ex,12142666
39,RL,10037,Bandra,1Fam,2Story,8,3,1999,2016,CBlock,1265.0,1590,303,1893,2,1,4,7,1,0.0,53.0,Y,Y,Gd,14989943
40,RL,8316,Andheri,1Fam,2Story,9,6,2001,2020,BrkTil,768.0,1053,209,1262,3,0,3,8,2,0.0,0.0,Y,Y,Ex,12627627
41,RM,3279,Sector17,1Fam,SplitLevel,9,8,2005,2016,PConc,1548.0,1980,59,2039,2,1,2,5,1,0.0,38.0,Y,Y,Gd,14221455
42,RM,8728,Bandra,1Fam,1Story,10,7,2016,2019,PConc,565.0,1106,108,1214,3,1,3,8,1,0.0,88.0,Y,N,Ex,16796580
43,FV,5857,Viman Nagar,1Fam,1Story,5,3,1999,2014,PConc,925.0,667,615,1282,3,0,4,9,1,3.0,539.0,Y,Y,Ex,13438122
44,RL,7393,Sector17,Duplex,2Story,5,3,1970,1985,PConc,771.0,791,285,1076,1,0,2,5,1,,373.0,Y,N,Gd,8074700
45,RM,9016,Viman Nagar,1Fam,2Story,4,8,2012,2012,BrkTil,875.0,1356,585,1941,1,1,2,5,2,1.0,174.0,Y,N,Gd,11318199
46,RL,5900,Whitefield,1Fam,SplitLevel,9,6,2008,2009,PConc,879.0,1030,543,1573,1,0,4,6,1,2.0,413.0,Y,Y,Gd,13111451
47,RL,3708,Bandra,1Fam,1Story,4,6,1986,1988,CBlock,519.0,805,305,1110,1,0,2,4,0,2.0,423.0,Y,N,TA,9240877
48,RM,10011,Andheri,Apartment,2Story,4,9,1989,2008,PConc,703.0,969,432,1401,1,1,5,8,0,,,Y,N,TA,7834593
49,FV,9329,Indiranagar,1Fam,1Story,8,5,1993,2009,PConc,303.0,429,171,600,3,1,2,6,1,0.0,0.0,Y,Y,TA,10989909
50,RL,6825,Malad,1Fam,1Story,4,9,2019,2024,PConc,1237.0,1967,21,1988,1,1,2,5,2,1.0,138.0,Y,Y,TA,10699313
51,FV,8706,Koramangala,Apartment,1Story,7,8,1991,1991,PConc,854.0,824,690,1514,1,1,5,8,2,0.0,0.0,Y,Y,TA,10436369
52,RL,6261,Saket,1Fam,2Story,6,9,1998,2017,CBlock,467.0,576,24,600,2,1,3,6,1,1.0,227.0,N,Y,Fa,6477946
53,RL,7193,Andheri,Duplex,2Story,3,8,1991,1996,PConc,,644,227,871,2,1,3,6,2,3.0,530.0,Y,Y,Gd,8876123
54,RL,6711,Bandra,Apartment,1Story,5,6,2013,2024,CBlock,1096.0,1127,262,1389,3,0,5,10,2,2.0,354.0,Y,Y,Gd,14702122
55,RM,6342,Malad,1Fam,1Story,7,5,1978,1991,CBlock,463.0,862,80,942,3,1,2,6,2,0.0,0.0,Y,Y,Ex,10622340
56,RL,7718,Andheri,Apartment,1Story,3,9,2006,2024,PConc,1415.0,1357,639,1996,2,1,4,8,1,2.0,417.0,N,N,TA,9408235
57,RL,4583,Bandra,Duplex,1Story,9,3,1979,1993,PConc,968.0,1293,516,1809,2,0,5,8,0,,56.0,N,Y,Gd,14050549
58,RL,6496,Powai,1Fam,1Story,9,4,2005,2018,PConc,813.0,1253,526,1779,1,0,4,7,0,1.0,207.0,Y,Y,Gd,15486632
59,RM,7628,Powai,1Fam,1Story,9,7,2006,2010,PConc,445.0,412,188,600,1,0,3,6,0,1.0,299.0,Y,Y,Ex,12947116
60,RL,10676,Viman Nagar,1Fam,2Story,7,3,1997,2002,PConc,699.0,1287,50,1337,3,0,5,9,0,1.0,207.0,Y,N,TA,8819535
61,RL,4664,Andheri,Apartment,1Story,7,6,1997,2013,BrkTil,830.0,1143,108,1251,2,0,4,7,0,3.0,595.0,Y,N,TA,8414259
62,C,8041,Powai,1Fam,1Story,5,7,2011,2021,BrkTil,703.0,622,500,1122,3,0,2,7,2,1.0,160.0,Y,Y,Gd,12626631
63,RM,8260,Bandra,Duplex,SplitLevel,6,4,2012,2024,CBlock,819.0,771,621,1392,1,1,5,7,2,1.0,210.0,Y,N,Gd,13391636
64,RL,3246,Viman Nagar,1Fam,1Story,10,4,1990,2001,PConc,619.0,739,297,1036,3,0,4,8,2,3.0,558.0,Y,Y,TA,11335931
65,RL,7821,Bandra,Duplex,2Story,4,5,1993,2007,PConc,1182.0,937,770,1707,3,0,5,10,1,2.0,351.0,Y,Y,TA,14340220
66,RM,8760,Viman Nagar,Duplex,1Story,9,7,2011,2014,BrkTil,862.0,1605,378,1983,3,0,5,10,2,2.0,349.0,Y,Y,Gd,14006158
67,RL,8177,Andheri,1Fam,SplitLevel,8,5,2009,2024,CBlock,1294.0,1109,831,1940,1,0,3,5,0,0.0,0.0,Y,N,TA,10763898
68,RM,6832,Malad,1Fam,1Story,6,3,1971,1973,PConc,1160.0,1165,366,1531,3,1,3,7,2,2.0,374.0,N,N,Ex,9516542
69,RL,7666,Indiranagar,Apartment,2Story,8,8,1977,1984,PConc,1099.0,1308,1291,2599,1,0,2,5,0,0.0,132.0,Y,Y,Gd,15131745
70,RL,7339,Sector17,1Fam,1Story,5,8,2017,2019,PConc,989.0,1427,742,2169,2,0,3,7,2,0.0,,Y,Y,Ex,14057969
71,RL,3621,Malad,Duplex,SplitLevel,5,8,1996,2003,CBlock,1063.0,1298,251,1549,3,1,3,8,0,2.0,409.0,Y,Y,Fa,8488840
72,FV,7386,Whitefield,1Fam,1Story,5,7,1991,2008,BrkTil,780.0,1007,351,1358,3,1,3,8,2,,372.0,Y,Y,Ex,14318009
73,FV,6265,Bandra,Duplex,2Story,3,8,2006,2015,PConc,1273.0,2244,25,2269,1,1,4,7,0,3.0,753.0,Y,Y,Ex,19328061
74,FV,5590,Whitefield,Duplex,1Story,8,3,1996,2015,PConc,956.0,1970,133,2103,3,0,5,10,0,0.0,0.0,Y,Y,Fa,12254876
75,RL,11969,Malad,1Fam,SplitLevel,6,5,1998,2014,PConc,538.0,607,287,894,1,1,3,6,1,2.0,376.0,Y,Y,TA,9062370
76,C,9505,Viman Nagar,Duplex,2Story,10,7,1972,1979,PConc,965.0,1119,1023,2142,3,1,4,9,2,2.0,449.0,Y,Y,TA,12131013
77,RL,4699,Sector17,1Fam,1Story,6,5,2013,2023,CBlock,898.0,1404,118,1522,2,1,5,8,0,3.0,610.0,N,Y,Ex,14375999
78,RM,7693,Sector17,Apartment,1Story,7,7,1982,1986,CBlock,824.0,1117,52,1169,2,0,3,6,2,2.0,336.0,N,Y,Gd,9658081
79,RL,9916,Saket,1Fam,1Story,7,5,2014,2024,PConc,307.0,555,55,610,2,0,3,6,0,1.0,201.0,Y,Y,Fa,6531031
80,RM,4007,Sector17,1Fam,1Story,9,4,1979,1983,CBlock,867.0,826,639,1465,3,1,5,10,1,1.0,233.0,Y,N,TA,8143467
81,FV,7153,Indiranagar,Duplex,1Story,10,5,2005,2017,PConc,1269.0,1591,2,1593,3,0,4,8,1,0.0,25.0,Y,Y,TA,14556401
82,RL,7248,Sector17,Duplex,SplitLevel,7,8,1978,1983,CBlock,1614.0,1505,888,2393,2,0,4,8,1,3.0,633.0,Y,Y,Fa,8622291
83,RL,4451,Malad,1Fam,2Story,5,4,1996,2000,CBlock,1530.0,1791,287,2078,2,0,2,5,1,2.0,509.0,Y,Y,TA,11176491
84,RL,7759,Saket,Apartment,SplitLevel,6,5,2003,2011,PConc,740.0,1247,61,1308,1,0,5,8,0,0.0,13.0,Y,Y,Gd,9561566
85,RL,9232,Malad,Duplex,1Story,8,7,2020,2024,CBlock,1268.0,1108,686,1794,1,0,2,5,2,2.0,439.0,Y,Y,Gd,12411574
86,RL,10016,Malad,Apartment,2Story,5,7,1970,1971,PConc,837.0,1920,93,2013,2,1,4,7,1,1.0,78.0,N,N,Ex,10609191
87,C,6501,Koramangala,1Fam,1Story,3,7,2001,2001,PConc,737.0,1075,567,1642,2,1,3,7,1,,493.0,Y,Y,Gd,10854968
88,RL,12003,Saket,1Fam,1Story,7,6,1994,2001,PConc,628.0,1290,16,1306,3,1,2,6,1,2.0,403.0,Y,Y,Fa,7607451
89,RM,2884,Malad,1Fam,2Story,5,3,1998,2016,PConc,747.0,853,480,1333,2,1,4,7,2,2.0,356.0,N,Y,Gd,11219750
90,RL,7712,Koramangala,Apartment,1Story,5,7,1976,1986,CBlock,1323.0,1750,42,1792,1,0,4,6,0,1.0,190.0,Y,N,Fa,8210169
91,RL,4175,Koramangala,1Fam,SplitLevel,3,4,2018,2024,PConc,972.0,951,855,1806,1,1,3,5,0,1.0,,N,Y,TA,11452027
92,RL,7180,Saket,Apartment,1Story,4,7,1972,1983,CBlock,,1241,212,1453,1,1,5,7,0,3.0,651.0,Y,N,Fa,6084707
93,RL,5956,Whitefield,Duplex,2Story,6,6,1989,1995,BrkTil,410.0,459,141,600,1,0,4,6,0,1.0,195.0,N,Y,Fa,8980296
94,RM,8013,Viman Nagar,1Fam,2Story,8,8,1989,2001,PConc,605.0,704,250,954,1,0,2,4,2,0.0,30.0,Y,Y,TA,9606490
95,RL,6746,Indiranagar,1Fam,1Story,9,4,2022,2024,PConc,1036.0,1167,742,1909,1,0,3,5,2,2.0,386.0,Y,Y,TA,13748590
96,RM,5348,Viman Nagar,1Fam,1Story,4,6,1999,2007,PConc,378.0,511,89,600,2,0,5,8,2,1.0,224.0,Y,Y,TA,9003769
97,RL,5479,Sector17,Duplex,1Story,7,8,2004,2010,PConc,1176.0,1305,887,2192,1,1,5,8,1,0.0,10.0,N,Y,TA,11176969
98,FV,10864,Indiranagar,1Fam,1Story,5,9,2004,2018,PConc,918.0,1644,474,2118,1,0,5,8,2,1.0,215.0,Y,Y,TA,12524758
99,C,7887,Sector17,Apartment,2Story,10,9,2018,2019,CBlock,1291.0,1015,605,1620,1,0,4,6,0,2.0,384.0,Y,Y,TA,12221674
100,RL,3595,Malad,1Fam,SplitLevel,3,4,2008,2024,PConc,855.0,1855,43,1898,1,0,5,8,2,0.0,20.0,Y,Y,Gd,12000248
101,RL,8101,Bandra,Apartment,1Story,3,5,1996,2007,CBlock,799.0,958,906,1864,2,0,4,8,1,1.0,158.0,N,Y,Gd,15087277
102,RL,6610,Saket,1Fam,SplitLevel,10,3,1995,1995,PConc,1157.0,924,617,1541,3,0,3,7,0,1.0,209.0,Y,Y,Gd,11210131
103,RM,7009,Indiranagar,1Fam,1Story,6,3,1983,1990,PConc,475.0,567,346,913,3,0,3,7,2,0.0,0.0,Y,N,Ex,12160498
104,RL,8639,Indiranagar,1Fam,2Story,4,6,1986,1990,PConc,1375.0,1472,611,2083,3,1,5,10,0,3.0,550.0,Y,Y,Gd,15262585
105,RM,9366,Malad,Duplex,1Story,9,8,1987,2001,PConc,1224.0,1419,884,2303,3,1,3,7,0,0.0,0.0,Y,Y,TA,11089568
106,RL,5282,Whitefield,1Fam,1Story,6,3,2014,2014,PConc,553.0,741,254,995,1,1,2,4,2,0.0,0.0,Y,N,TA,10286785
107,RL,6940,Koramangala,Apartment,1Story,10,8,2021,2021,CBlock,451.0,836,58,894,3,0,2,6,2,0.0,0.0,Y,N,Ex,12191251
108,RL,5907,Malad,1Fam,1Story,5,8,1998,2007,CBlock,822.0,1310,221,1531,3,0,4,9,1,0.0,19.0,Y,Y,TA,9082463
109,RL,8193,Powai,Apartment,1Story,10,6,1989,1998,PConc,725.0,1015,271,1286,2,1,5,8,2,,203.0,Y,Y,Fa,9563293
110,RM,6535,Koramangala,Apartment,1Story,6,6,2022,2024,CBlock,1150.0,910,762,1672,2,1,4,8,2,0.0,50.0,N,N,TA,12514443
111,RL,7058,Saket,Duplex,1Story,8,6,1996,2012,PConc,1331.0,1865,338,2203,2,1,3,6,2,0.0,0.0,Y,Y,TA,11932724
112,C,6459,Koramangala,1Fam,1Story,3,3,1987,1992,PConc,466.0,349,251,600,1,1,5,7,0,2.0,409.0,Y,Y,Ex,10658138
113,RM,6787,Whitefield,1Fam,1Story,3,9,1973,1975,CBlock,996.0,2134,256,2390,1,0,4,7,1,1.0,293.0,Y,Y,Gd,12628618
114,RL,10409,Koramangala,Duplex,2Story,7,6,1970,1982,BrkTil,839.0,872,524,1396,1,1,5,7,0,2.0,378.0,Y,Y,TA,9762198
115,RL,11781,Saket,1Fam,2Story,7,3,2019,2024,CBlock,1175.0,1314,541,1855,2,0,5,9,2,1.0,185.0,N,N,Ex,13300814
116,RL,7754,Whitefield,Duplex,1Story,10,6,1970,1977,PConc,1466.0,1289,620,1909,3,0,4,9,1,3.0,660.0,Y,Y,Ex,16070752
117,RM,6800,Viman Nagar,Duplex,1Story,9,7,1995,2009,BrkTil,825.0,1828,139,1967,2,0,5,8,2,3.0,552.0,N,Y,Fa,11217643
118,RL,3808,Indiranagar,1Fam,2Story,5,8,2014,2024,CBlock,1025.0,918,712,1630,1,1,3,5,0,1.0,265.0,Y,Y,TA,13305457
119,RL,5479,Indiranagar,1Fam,1Story,8,6,1989,2005,CBlock,1295.0,1367,380,1747,2,1,2,6,0,3.0,588.0,Y,Y,Gd,14638348
120,RL,6746,Sector17,1Fam,2Story,4,4,2021,2024,BrkTil,866.0,995,749,1744,3,1,2,7,2,3.0,558.0,Y,Y,Gd,13004570
121,RL,5569,Viman Nagar,1Fam,1Story,6,8,1992,2008,CBlock,963.0,1094,190,1284,1,0,5,7,1,1.0,,N,Y,Gd,11278550
122,FV,5780,Viman Nagar,Apartment,1Story,9,8,1979,1984,CBlock,293.0,685,35,720,3,0,2,6,0,0.0,0.0,N,Y,Ex,11344986
123,C,10150,Koramangala,Duplex,1Story,5,6,1980,1996,CBlock,686.0,710,280,990,3,1,5,9,2,2.0,491.0,Y,Y,TA,9340200
124,RL,7057,Indiranagar,1Fam,1Story,7,9,2010,2024,PConc,1196.0,1151,396,1547,1,0,4,6,2,1.0,204.0,Y,Y,Ex,17755472
125,RM,7236,Saket,Apartment,2Story,10,5,2010,2023,CBlock,799.0,1162,44,1206,3,1,3,7,2,1.0,203.0,Y,Y,TA,9654200
126,FV,5651,Andheri,1Fam,1Story,6,9,1974,1986,PConc,694.0,917,290,1207,2,0,2,6,1,1.0,170.0,Y,Y,TA,9549206
127,RL,9355,Andheri,1Fam,SplitLevel,7,6,1970,1975,BrkTil,1044.0,1858,641,2499,3,0,4,9,2,2.0,392.0,Y,Y,TA,10842910
128,RM,6574,Whitefield,1Fam,1Story,10,8,1986,1988,CBlock,1558.0,1601,428,2029,3,0,3,8,2,1.0,186.0,Y,Y,TA,13840679
129,RL,5958,Indiranagar,Apartment,SplitLevel,6,4,1991,2004,CBlock,866.0,1244,229,1473,3,0,2,7,0,2.0,466.0,Y,N,Ex,14258307
130,RM,3838,Indiranagar,Apartment,1Story,4,8,2003,2016,PConc,796.0,1071,865,1936,2,0,2,5,2,2.0,,Y,Y,TA,13361634
131,RM,6877,Andheri,1Fam,1Story,5,9,2014,2024,CBlock,938.0,1264,125,1389,3,0,3,8,1,3.0,635.0,Y,N,TA,10236386
132,FV,5895,Indiranagar,1Fam,2Story,6,4,2010,2017,PConc,980.0,1187,468,1655,3,0,4,8,2,0.0,4.0,N,Y,TA,14732883
133,RL,10369,Koramangala,1Fam,1Story,8,3,1998,2012,CBlock,818.0,975,845,1820,2,1,4,7,1,,579.0,Y,Y,Ex,14345824
134,RM,10687,Powai,Duplex,2Story,9,7,1973,1985,CBlock,675.0,1242,149,1391,1,0,2,4,2,1.0,218.0,Y,Y,Gd,11931377
135,RL,4529,Bandra,1Fam,1Story,3,8,1974,1990,PConc,535.0,865,392,1257,1,0,3,5,2,1.0,279.0,Y,Y,Gd,12118593
136,RL,4755,Viman Nagar,1Fam,2Story,8,6,1980,1982,PConc,1392.0,1216,995,2211,1,1,4,6,2,2.0,347.0,Y,Y,TA,12012071
137,FV,6447,Sector17,Duplex,1Story,8,3,2020,2024,CBlock,1237.0,1557,350,1907,3,1,3,8,1,3.0,620.0,Y,Y,TA,13283514
138,RM,5367,Whitefield,1Fam,2Story,9,7,1990,1994,PConc,361.0,564,36,600,1,1,3,5,0,2.0,474.0,N,Y,TA,10456247
139,RL,7434,Powai,1Fam,2Story,3,6,2004,2020,PConc,919.0,1194,71,1265,2,1,2,5,1,3.0,559.0,Y,Y,TA,12105421
140,RM,6346,Andheri,1Fam,2Story,8,5,1981,1982,PConc,899.0,1183,26,1209,3,0,3,7,0,3.0,646.0,Y,N,Ex,10659013
141,RL,7561,Viman Nagar,Duplex,1Story,6,6,1995,2009,PConc,833.0,1203,86,1289,3,0,3,8,1,3.0,646.0,Y,Y,TA,10863783
142,RL,9032,Indiranagar,Apartment,SplitLevel,6,4,2020,2024,CBlock,822.0,1017,1014,2031,3,1,5,9,2,3.0,535.0,Y,Y,Gd,14256644
143,RM,4871,Sector17,1Fam,SplitLevel,6,4,1988,2007,BrkTil,1091.0,1110,499,1609,1,0,3,5,2,,655.0,N,Y,Ex,13849405
144,RL,8990,Indiranagar,1Fam,SplitLevel,3,5,2014,2019,CBlock,513.0,822,83,905,1,1,4,6,0,0.0,0.0,Y,N,TA,8810348
145,RL,5542,Saket,1Fam,2Story,8,3,1976,1981,PConc,881.0,961,447,1408,1,0,2,5,0,1.0,217.0,Y,Y,Gd,9688744
146,RM,11296,Saket,1Fam,1Story,10,7,2016,2024,CBlock,1233.0,1497,373,1870,3,0,2,6,1,3.0,651.0,Y,N,Gd,12311120
147,RL,10241,Sector17,1Fam,1Story,3,6,1976,1993,CBlock,804.0,1196,294,1490,2,0,3,7,1,3.0,660.0,Y,Y,TA,10021563
148,RL,6773,Sector17,1Fam,SplitLevel,6,4,1995,1998,CBlock,979.0,871,406,1277,3,0,3,8,0,2.0,323.0,Y,Y,Fa,8317883
149,RL,5072,Andheri,1Fam,SplitLevel,9,3,2009,2024,PConc,800.0,1680,85,1765,2,0,4,7,0,1.0,289.0,N,Y,Gd,13177659
150,FV,4690,Sector17,Duplex,1Story,8,5,1974,1987,PConc,1610.0,1810,599,2409,3,1,5,10,1,1.0,270.0,Y,Y,Gd,12737794
151,C,8747,Koramangala,1Fam,1Story,8,9,1990,2003,CBlock,735.0,1340,490,1830,2,0,2,6,0,1.0,252.0,Y,Y,Ex,14744064
152,RL,6939,Indiranagar,Apartment,SplitLevel,7,8,1983,1995,PConc,1732.0,2247,3,2250,3,0,5,9,0,3.0,618.0,Y,Y,Fa,11698337
153,RL,8853,Powai,1Fam,1Story,7,9,1973,1979,BrkTil,,978,333,1311,3,0,4,8,0,2.0,378.0,N,Y,Gd,11501726
154,RM,11408,Malad,1Fam,1Story,4,9,1992,2003,CBlock,698.0,939,656,1595,2,0,2,5,0,1.0,145.0,Y,Y,Ex,11171858
155,RM,5459,Sector17,1Fam,SplitLevel,10,4,2011,2024,PConc,845.0,1199,386,1585,2,0,4,7,2,2.0,318.0,Y,Y,Gd,13023429
156,RL,4539,Whitefield,1Fam,2Story,10,5,1989,2007,CBlock,911.0,1504,155,1659,2,1,3,7,2,0.0,,Y,Y,Ex,15974634
157,RL,7385,Saket,Apartment,SplitLevel,5,6,1984,1994,PConc,884.0,1616,204,1820,2,0,4,8,0,0.0,52.0,Y,N,Gd,9053934
158,FV,9289,Koramangala,Duplex,1Story,10,9,2019,2024,PConc,722.0,1019,121,1140,2,1,3,6,1,2.0,395.0,Y,Y,Ex,14665345
159,RL,5119,Viman Nagar,1Fam,1Story,7,9,2021,2024,PConc,1109.0,1642,281,1923,2,0,5,8,2,3.0,576.0,N,Y,Ex,16049593
160,RL,7069,Malad,Duplex,2Story,3,7,2014,2016,PConc,325.0,492,294,786,2,0,2,5,1,1.0,203.0,Y,Y,Ex,10273376
161,RM,9740,Powai,Apartment,2Story,10,4,1998,2014,PConc,491.0,867,65,932,2,1,2,6,1,0.0,0.0,Y,N,TA,10228220
162,RL,3734,Malad,1Fam,1Story,7,4,1977,1979,PConc,1931.0,2524,143,2667,3,0,5,9,2,0.0,1.0,N,Y,Fa,9788037
163,RL,7470,Sector17,1Fam,SplitLevel,4,6,2010,2024,PConc,908.0,802,542,1344,2,0,3,7,1,2.0,365.0,Y,Y,Gd,10858155
164,FV,5919,Andheri,1Fam,SplitLevel,8,8,2017,2024,PConc,1355.0,1110,854,1964,2,1,2,6,1,3.0,630.0,Y,N,TA,12019989
165,RL,7248,Saket,Apartment,1Story,10,3,1988,1991,CBlock,1663.0,2419,30,2449,3,0,4,9,0,2.0,462.0,Y,Y,TA,10934293
166,RL,8419,Saket,1Fam,1Story,4,7,2017,2019,PConc,314.0,560,40,600,3,1,3,8,0,2.0,425.0,N,Y,Gd,8074360
167,RL,7441,Viman Nagar,1Fam,1Story,8,4,2008,2023,PConc,951.0,2047,116,2163,1,1,2,4,0,2.0,395.0,Y,Y,Gd,14722868
168,C,4979,Andheri,1Fam,1Story,9,7,2015,2024,PConc,979.0,1814,110,1924,1,1,4,6,2,2.0,449.0,Y,Y,TA,13156004
169,RM,5997,Indiranagar,1Fam,1Story,9,4,1997,2004,PConc,1773.0,1865,555,2420,2,0,4,7,0,2.0,400.0,Y,Y,Gd,16029249
170,RL,9853,Bandra,Duplex,1Story,8,7,2015,2024,BrkTil,799.0,830,179,1009,2,0,2,6,1,3.0,647.0,Y,N,TA,11837037
171,RM,7657,Koramangala,1Fam,1Story,10,5,1996,2002,CBlock,1389.0,1796,529,2325,1,1,5,8,1,2.0,368.0,Y,Y,Gd,13519636
172,RL,8680,Saket,1Fam,SplitLevel,5,9,1973,1983,CBlock,496.0,646,584,1230,1,0,5,7,1,3.0,574.0,N,N,Gd,7799338
173,RL,7500,Whitefield,Apartment,1Story,7,4,1984,2001,PConc,969.0,1856,271,2127,2,1,2,6,1,1.0,150.0,Y,Y,TA,12763634
174,RM,8618,Saket,1Fam,2Story,3,7,2004,2004,CBlock,836.0,1189,392,1581,1,0,4,7,1,1.0,176.0,Y,Y,TA,8958008
175,RL,6207,Malad,1Fam,2Story,3,3,2006,2008,BrkTil,1253.0,1635,350,1985,2,1,5,9,2,1.0,249.0,Y,Y,Fa,9058747
176,FV,5464,Saket,Duplex,2Story,6,5,1970,1973,PConc,698.0,1220,404,1624,3,0,5,9,1,1.0,156.0,Y,Y,TA,8505496
177,RM,8527,Saket,Duplex,SplitLevel,8,5,1972,1984,CBlock,528.0,507,173,680,3,1,5,9,2,0.0,0.0,Y,Y,Ex,8969202
178,RL,9254,Bandra,1Fam,2Story,3,3,2016,2021,CBlock,327.0,351,249,600,1,0,3,5,1,3.0,579.0,Y,Y,TA,10944375
179,RM,5171,Bandra,1Fam,SplitLevel,10,7,1993,2006,BrkTil,1303.0,1089,615,1704,3,1,5,10,2,1.0,,Y,Y,TA,14669313
180,RL,5848,Powai,Duplex,1Story,5,6,1996,2000,PConc,1045.0,850,618,1468,3,0,2,6,2,0.0,0.0,N,Y,TA,11540699
181,RM,6673,Indiranagar,Duplex,2Story,8,3,2009,2024,CBlock,1263.0,1075,724,1799,3,1,2,6,1,3.0,705.0,N,Y,Gd,16035055
182,RL,10239,Whitefield,Apartment,2Story,5,7,2005,2019,PConc,946.0,1453,20,1473,3,0,3,7,1,,0.0,Y,Y,Ex,15810012
183,RL,8126,Saket,Duplex,SplitLevel,10,3,2003,2017,BrkTil,1697.0,1504,1105,2609,2,0,3,7,1,0.0,31.0,N,N,Fa,9054593
184,RM,4351,Saket,1Fam,1Story,3,3,1998,2001,CBlock,1123.0,1088,627,1715,2,1,2,6,1,2.0,395.0,Y,Y,TA,8569010
185,C,6814,Koramangala,Duplex,1Story,3,4,1993,2000,BrkTil,896.0,1094,282,1376,1,0,3,6,0,0.0,18.0,N,Y,Gd,10326444
186,RL,6508,Bandra,1Fam,2Story,6,7,1993,2008,BrkTil,1098.0,1423,345,1768,3,0,5,10,0,0.0,0.0,Y,Y,Ex,17398476
187,RL,4653,Whitefield,Apartment,1Story,3,6,2011,2024,CBlock,,799,586,1385,3,0,4,9,2,3.0,658.0,N,Y,TA,13275420
188,RL,6790,Viman Nagar,Duplex,2Story,8,9,1973,1976,CBlock,,1476,170,1646,3,0,4,8,2,0.0,21.0,Y,Y,Gd,10810700
189,RL,6419,Powai,1Fam,SplitLevel,10,4,1972,1984,CBlock,704.0,884,107,991,1,1,4,6,0,2.0,422.0,Y,Y,Gd,11313520
190,RL,6276,Indiranagar,1Fam,SplitLevel,9,3,2003,2015,PConc,1194.0,986,609,1595,2,0,2,6,2,1.0,204.0,Y,Y,TA,14320219
191,RM,6185,Andheri,1Fam,1Story,10,9,2018,2019,PConc,661.0,876,485,1361,3,0,3,8,1,1.0,262.0,Y,Y,TA,10901827
192,RL,9942,Indiranagar,1Fam,1Story,8,8,1992,1994,PConc,449.0,1005,33,1038,2,1,4,7,2,3.0,628.0,Y,Y,Ex,15585491
193,FV,6272,Malad,1Fam,2Story,8,9,2022,2024,PConc,1534.0,2361,226,2587,1,0,5,8,2,3.0,618.0,N,Y,TA,12309593
194,RL,7099,Saket,Duplex,2Story,6,3,2021,2024,BrkTil,640.0,898,160,1058,2,1,5,9,2,,32.0,Y,Y,TA,8682197
195,C,6882,Powai,1Fam,2Story,6,3,1992,2002,PConc,1172.0,867,736,1603,3,0,5,10,0,3.0,512.0,Y,Y,TA,10401617
196,RL,5989,Malad,1Fam,2Story,3,7,2014,2022,CBlock,691.0,849,349,1198,2,1,3,7,0,0.0,9.0,Y,N,Gd,9309625
197,C,7159,Whitefield,Duplex,2Story,4,7,1974,1980,PConc,1098.0,1362,386,1748,2,0,4,8,2,3.0,596.0,Y,Y,Ex,14067600
198,RL,7130,Andheri,1Fam,1Story,10,4,2000,2012,PConc,587.0,571,391,962,1,1,5,7,1,,258.0,N,Y,Ex,11006947
199,RM,7159,Bandra,Duplex,2Story,10,6,2022,2023,PConc,838.0,1462,558,2020,1,1,3,5,2,1.0,164.0,Y,Y,Ex,20046886
200,RL,5281,Powai,1Fam,1Story,4,4,2010,2017,PConc,1691.0,2095,523,2618,1,1,5,8,0,1.0,210.0,Y,Y,Gd,15887091
201,RL,6587,Powai,1Fam,1Story,6,5,1975,1981,PConc,862.0,783,397,1180,1,0,4,7,1,1.0,296.0,Y,Y,Gd,10996168
202,RL,8520,Saket,1Fam,2Story,3,3,2006,2017,CBlock,1022.0,1966,242,2208,2,1,4,7,2,0.0,0.0,Y,Y,Gd,12284337
203,RL,6640,Sector17,Apartment,2Story,4,9,1979,1997,CBlock,898.0,1296,113,1409,2,0,4,8,0,0.0,0.0,Y,N,Gd,8631614
204,RM,7323,Powai,1Fam,2Story,3,8,2009,2015,CBlock,1499.0,1556,796,2352,1,1,4,6,1,0.0,108.0,Y,Y,Gd,15550540
205,RL,7334,Koramangala,1Fam,1Story,3,3,1976,1985,CBlock,1254.0,2476,218,2694,1,1,4,7,2,1.0,164.0,Y,Y,Gd,13859851
206,RM,7834,Andheri,1Fam,1Story,3,3,2008,2023,BrkTil,666.0,818,665,1483,3,1,5,9,0,2.0,348.0,Y,Y,TA,10013535
207,RL,8117,Andheri,Apartment,1Story,7,4,2007,2009,CBlock,664.0,770,69,839,3,0,4,8,1,1.0,149.0,Y,Y,Gd,10211816
208,RL,6651,Koramangala,1Fam,2Story,8,8,1990,1999,PConc,1156.0,1195,879,2074,1,0,5,8,2,1.0,236.0,Y,Y,Ex,16813896
209,C,5177,Viman Nagar,Duplex,1Story,3,8,1989,1994,PConc,840.0,926,786,1712,2,1,4,8,1,2.0,464.0,Y,N,Gd,9951170
210,RM,4562,Koramangala,Duplex,2Story,7,8,1972,1989,PConc,866.0,1518,332,1850,1,1,5,7,1,2.0,488.0,Y,Y,TA,11190084
211,RL,9035,Koramangala,1Fam,2Story,6,4,2020,2024,PConc,953.0,1052,378,1430,2,1,4,8,1,3.0,600.0,Y,N,Gd,11955525
212,RM,8540,Andheri,1Fam,1Story,4,3,1991,1995,CBlock,744.0,1103,54,1157,2,1,5,8,0,1.0,150.0,N,Y,Fa,7855315
213,C,8298,Indiranagar,1Fam,SplitLevel,8,4,2016,2022,BrkTil,1433.0,1485,695,2180,3,1,4,9,2,2.0,371.0,Y,Y,TA,16002261
214,C,8622,Andheri,1Fam,SplitLevel,9,7,1973,1974,CBlock,765.0,1132,627,1759,1,1,3,6,1,3.0,601.0,Y,N,Gd,10049226
215,RL,6676,Sector17,Duplex,SplitLevel,4,7,1997,2007,CBlock,665.0,658,220,878,1,1,5,8,1,2.0,398.0,Y,Y,Gd,8828686
216,C,5750,Saket,1Fam,2Story,8,4,1981,1993,PConc,1079.0,1414,529,1943,2,1,3,6,1,2.0,465.0,Y,N,TA,8029246
217,RL,5039,Malad,1Fam,1Story,9,8,2007,2011,PConc,968.0,1238,605,1843,1,0,5,7,0,3.0,534.0,Y,Y,Ex,12949586
218,RM,4821,Indiranagar,1Fam,1Story,4,3,2020,2024,CBlock,840.0,1216,221,1437,3,1,5,10,1,1.0,144.0,Y,Y,Gd,14115163
219,RL,9424,Bandra,1Fam,2Story,8,4,2005,2018,PConc,1339.0,2119,290,2409,3,0,5,9,0,3.0,584.0,Y,Y,Gd,17566426
220,RM,6013,Malad,1Fam,1Story,4,4,2016,2024,BrkTil,961.0,1195,95,1290,1,1,2,5,0,1.0,218.0,N,Y,Fa,8727189
221,RM,9109,Saket,Apartment,2Story,4,4,2010,2013,PConc,1169.0,1494,21,1515,1,0,4,6,1,2.0,377.0,N,Y,Gd,10030014
222,RL,6626,Sector17,1Fam,2Story,9,5,1974,1979,BrkTil,1034.0,1256,728,1984,3,0,3,8,1,3.0,,Y,Y,Gd,11590194
223,RL,5647,Sector17,1Fam,1Story,4,7,1982,1991,CBlock,1221.0,1405,233,1638,1,1,3,5,0,0.0,58.0,Y,N,Ex,10939870
224,RM,4811,Bandra,1Fam,2Story,4,9,1992,2009,CBlock,646.0,632,275,907,2,0,5,8,0,2.0,423.0,Y,Y,TA,11246552
225,RL,5823,Indiranagar,1Fam,1Story,9,8,2019,2024,BrkTil,1305.0,1417,274,1691,1,0,3,5,1,3.0,550.0,Y,Y,TA,14514605
226,RL,9836,Viman Nagar,1Fam,1Story,6,6,1999,2006,PConc,693.0,1027,365,1392,2,1,3,6,0,2.0,374.0,N,Y,Gd,12889613
227,RL,4831,Koramangala,Duplex,SplitLevel,3,9,2006,2014,PConc,1279.0,2021,7,2028,1,1,3,5,0,3.0,625.0,Y,Y,TA,12669691
228,RM,11233,Indiranagar,1Fam,1Story,10,8,1994,1998,PConc,853.0,1447,228,1675,1,1,3,5,1,1.0,136.0,N,Y,Gd,14649857
229,C,5318,Viman Nagar,Duplex,2Story,5,6,2017,2024,PConc,1201.0,1607,40,1647,3,0,2,7,1,0.0,25.0,Y,Y,TA,12813442
230,RM,8499,Sector17,Apartment,1Story,7,5,1996,2015,PConc,432.0,986,89,1075,2,1,5,9,2,2.0,382.0,Y,Y,Gd,11337755
231,RL,6709,Andheri,1Fam,2Story,5,4,2020,2024,BrkTil,,1411,73,1484,3,0,3,7,1,0.0,18.0,Y,Y,TA,10178001
232,RL,6358,Saket,Duplex,1Story,5,5,1983,1998,PConc,,1891,194,2085,1,1,2,5,1,1.0,205.0,Y,Y,TA,10876164
233,RL,4457,Bandra,1Fam,2Story,8,5,2017,2019,BrkTil,640.0,883,328,1211,3,1,2,6,1,3.0,544.0,Y,Y,TA,14415196
234,FV,6803,Saket,1Fam,2Story,3,9,2016,2024,BrkTil,1041.0,990,593,1583,1,0,5,8,2,0.0,0.0,Y,Y,Gd,11272202
235,RL,4683,Whitefield,1Fam,SplitLevel,8,3,2005,2015,CBlock,837.0,774,357,1131,1,0,4,7,0,3.0,672.0,Y,Y,TA,13107183
236,RL,3636,Whitefield,Duplex,1Story,3,9,2008,2018,BrkTil,648.0,514,494,1008,1,0,4,7,1,1.0,318.0,Y,Y,Gd,12960384
237,RM,7239,Indiranagar,1Fam,2Story,9,7,1985,2001,CBlock,1154.0,1186,371,1557,2,1,4,8,1,2.0,,Y,Y,Fa,10337845
238,C,5729,Sector17,Duplex,2Story,9,6,1991,1994,CBlock,852.0,1268,418,1686,2,1,3,6,2,1.0,252.0,Y,N,Gd,9816454
239,RL,10368,Sector17,1Fam,1Story,10,4,1990,1993,CBlock,1577.0,1979,617,2596,2,1,5,9,2,0.0,14.0,Y,Y,TA,12868721
240,RL,9000,Koramangala,1Fam,1Story,3,9,1990,2006,CBlock,796.0,1354,18,1372,3,0,4,9,2,0.0,104.0,Y,Y,Gd,11747758
241,RL,10394,Koramangala,1Fam,2Story,4,6,1977,1985,PConc,636.0,1504,70,1574,1,0,3,6,0,0.0,,Y,Y,Gd,11377431
242,RM,5638,Koramangala,Duplex,2Story,6,8,2018,2024,PConc,606.0,565,409,974,3,0,5,9,2,3.0,644.0,Y,Y,Ex,14334132
243,RL,7272,Andheri,1Fam,1Story,10,6,1985,1989,CBlock,1266.0,1304,602,1906,3,0,3,8,0,,384.0,Y,Y,Gd,11335513
244,RM,2000,Malad,1Fam,1Story,10,8,2000,2005,PConc,1145.0,1280,519,1799,1,1,4,6,1,0.0,64.0,Y,Y,Ex,13206972
245,RL,6436,Powai,1Fam,2Story,4,9,2011,2013,BrkTil,1627.0,1594,750,2344,3,0,4,8,1,0.0,115.0,Y,Y,Ex,17791543
246,C,7196,Malad,1Fam,1Story,6,7,1979,1979,CBlock,1354.0,1937,218,2155,1,0,2,5,1,0.0,10.0,Y,Y,Ex,12219826
247,RL,7308,Saket,1Fam,2Story,8,9,2001,2020,PConc,757.0,1352,423,1775,1,1,2,4,2,1.0,143.0,Y,Y,TA,10128731
248,RL,6915,Malad,1Fam,1Story,6,8,2003,2018,PConc,609.0,1072,292,1364,1,1,5,8,1,0.0,70.0,Y,N,Gd,9405777
249,RM,7133,Andheri,1Fam,2Story,8,6,1978,1988,PConc,1086.0,1576,126,1702,1,0,3,6,2,1.0,,Y,N,TA,8996965
250,RM,2000,Saket,1Fam,2Story,9,6,1986,1998,PConc,787.0,1394,150,1544,3,0,3,8,0,0.0,18.0,Y,Y,TA,8963406
251,RM,7512,Malad,1Fam,2Story,5,8,1980,1989,PConc,896.0,1175,901,2076,3,0,4,9,1,1.0,279.0,Y,Y,TA,11171826
252,RM,7966,Andheri,Duplex,2Story,9,5,2001,2003,BrkTil,1151.0,1725,288,2013,3,0,4,9,0,3.0,543.0,Y,Y,Gd,14001970
253,RL,9676,Powai,1Fam,1Story,9,7,1979,1987,PConc,902.0,1041,410,1451,2,0,5,9,2,3.0,564.0,Y,Y,Ex,15204216
254,RL,7737,Malad,1Fam,1Story,5,3,1991,2002,CBlock,461.0,562,307,869,3,0,2,7,2,1.0,,Y,Y,TA,8402854
255,RL,6738,Andheri,Duplex,1Story,6,4,1986,1999,PConc,1559.0,1189,1077,2266,3,1,4,8,1,2.0,363.0,N,Y,TA,11192495
256,FV,9209,Koramangala,1Fam,1Story,10,6,1973,1973,BrkTil,1242.0,1405,485,1890,2,1,3,6,1,2.0,384.0,Y,Y,TA,11785806
257,RL,2285,Sector17,Apartment,SplitLevel,6,4,2017,2024,CBlock,767.0,975,465,1440,1,1,4,7,2,1.0,263.0,Y,N,TA,10412270
258,RL,5970,Koramangala,1Fam,2Story,8,3,2021,2024,CBlock,1313.0,1170,701,1871,1,1,2,5,1,3.0,621.0,Y,Y,TA,13029914
259,RL,5468,Sector17,Duplex,1Story,4,9,2016,2024,CBlock,1079.0,1387,250,1637,1,0,3,5,1,1.0,141.0,Y,Y,Gd,11519559
260,C,6930,Bandra,Duplex,1Story,8,4,1994,2002,CBlock,1479.0,1998,261,2259,2,0,2,6,0,2.0,420.0,Y,Y,TA,15542261
261,C,2602,Bandra,Apartment,1Story,4,3,1990,1999,PConc,394.0,395,240,635,3,0,5,9,2,,,Y,Y,TA,11618302
262,FV,9639,Bandra,Apartment,1Story,9,8,2006,2024,PConc,566.0,735,666,1401,3,0,5,9,0,3.0,,Y,Y,Ex,17083787
263,RL,6500,Powai,1Fam,1Story,5,5,2007,2021,PConc,1627.0,2217,182,2399,3,1,2,7,1,2.0,443.0,Y,N,Gd,14798066
264,RM,7637,Koramangala,1Fam,1Story,9,6,2018,2022,PConc,1035.0,949,932,1881,3,0,3,8,0,2.0,374.0,Y,Y,TA,12627605
265,RL,7446,Sector17,Duplex,1Story,3,3,1970,1984,PConc,1931.0,2407,79,2486,2,0,2,5,2,0.0,12.0,Y,Y,TA,10349626
266,RL,9524,Andheri,1Fam,1Story,6,4,1994,2013,CBlock,719.0,804,185,989,3,0,4,8,0,0.0,0.0,N,Y,Fa,7877454
267,RL,3276,Saket,Duplex,2Story,4,6,2020,2021,PConc,,1411,725,2136,1,0,4,7,0,,431.0,Y,Y,Ex,13069406
268,RL,7224,Andheri,1Fam,2Story,8,5,2005,2017,PConc,1054.0,1312,794,2106,2,1,2,6,1,2.0,418.0,Y,Y,TA,12539912
269,RM,9292,Saket,Duplex,2Story,5,8,1986,2001,BrkTil,365.0,382,377,759,2,0,4,7,2,1.0,135.0,Y,N,TA,5995705
270,FV,6804,Whitefield,1Fam,1Story,4,9,2010,2024,BrkTil,778.0,896,556,1452,1,1,2,4,1,3.0,676.0,N,Y,TA,11994059
271,RL,5097,Andheri,1Fam,2Story,8,6,1993,2002,BrkTil,,879,667,1546,1,0,4,6,1,2.0,,Y,Y,Gd,12157246
272,FV,5792,Malad,Apartment,2Story,6,9,1971,1984,CBlock,409.0,636,154,790,3,0,2,7,2,3.0,565.0,Y,Y,Gd,8720425
273,RL,6214,Malad,1Fam,1Story,9,3,2009,2018,PConc,885.0,852,610,1462,1,0,4,7,0,2.0,432.0,Y,N,TA,9799357
274,RL,5557,Indiranagar,1Fam,1Story,6,5,1984,1997,BrkTil,949.0,1556,480,2036,2,1,3,7,1,3.0,550.0,Y,Y,Gd,14308133
275,RL,6694,Koramangala,1Fam,1Story,7,4,2001,2009,PConc,1110.0,1116,288,1404,2,0,3,6,0,0.0,0.0,Y,Y,TA,11495228
276,RL,10016,Saket,Apartment,1Story,3,5,2008,2021,PConc,762.0,1116,605,1721,2,0,4,7,2,2.0,351.0,Y,Y,Ex,12048285
277,RL,5805,Saket,Duplex,1Story,7,5,1975,1977,PConc,1332.0,892,832,1724,3,0,2,7,1,1.0,149.0,Y,Y,TA,10052030
278,RM,6024,Koramangala,Duplex,2Story,5,7,1970,1989,CBlock,1219.0,826,767,1593,3,1,4,8,0,3.0,621.0,Y,Y,Ex,13382153
279,RM,7919,Powai,1Fam,1Story,4,5,2016,2024,PConc,760.0,639,608,1247,1,1,5,7,0,2.0,404.0,Y,Y,Gd,12420485
280,C,6650,Indiranagar,1Fam,1Story,5,5,1992,1993,CBlock,1330.0,1677,252,1929,3,0,5,9,1,0.0,37.0,Y,Y,TA,12927039
281,RL,4341,Powai,1Fam,1Story,9,6,2008,2017,PConc,462.0,531,275,806,3,1,2,6,2,0.0,0.0,Y,Y,Ex,12986052
282,RM,6877,Powai,1Fam,2Story,8,4,1986,1988,PConc,1045.0,1440,164,1604,2,0,4,7,0,0.0,0.0,Y,Y,TA,10227379
283,RM,6802,Powai,1Fam,SplitLevel,6,6,2003,2013,PConc,1229.0,1640,652,2292,2,0,4,8,2,0.0,0.0,Y,Y,Ex,18440154
284,FV,8951,Koramangala,Duplex,SplitLevel,7,6,2010,2020,PConc,716.0,999,377,1376,1,1,3,6,1,2.0,402.0,Y,Y,TA,11849912
285,RL,5055,Powai,1Fam,1Story,10,3,1998,2010,BrkTil,780.0,934,302,1236,2,0,2,6,0,1.0,201.0,Y,Y,Gd,12778690
286,FV,8964,Malad,1Fam,1Story,7,6,1978,1984,BrkTil,1175.0,1680,282,1962,3,0,5,10,0,3.0,611.0,Y,Y,Gd,11393908
287,RM,6804,Bandra,1Fam,2Story,9,7,1982,1998,PConc,1062.0,1070,611,1681,1,1,5,8,0,1.0,204.0,Y,Y,Ex,16469172
288,RM,4784,Whitefield,1Fam,1Story,7,7,1975,1976,BrkTil,1014.0,1105,867,1972,1,1,2,4,2,3.0,577.0,Y,N,TA,10794564
289,RL,4382,Saket,1Fam,2Story,9,9,1975,1986,CBlock,885.0,1259,360,1619,2,1,5,8,0,1.0,180.0,N,Y,Gd,10534348
290,RL,10868,Saket,1Fam,SplitLevel,10,3,1989,1998,PConc,260.0,398,202,600,2,1,2,5,0,2.0,397.0,Y,Y,Ex,9854421
291,RL,6680,Whitefield,1Fam,2Story,5,9,2021,2024,CBlock,921.0,1578,611,2189,2,0,5,9,1,2.0,425.0,Y,Y,TA,13931792
292,RL,8873,Koramangala,Apartment,1Story,6,9,2022,2024,BrkTil,1321.0,2169,466,2635,1,0,5,7,0,3.0,604.0,Y,Y,Gd,14436585
293,RL,3583,Andheri,1Fam,2Story,4,8,1972,1987,PConc,963.0,1674,568,2242,2,0,2,5,2,2.0,360.0,Y,Y,TA,9890411
294,FV,12275,Koramangala,Duplex,SplitLevel,8,4,1986,2002,PConc,264.0,486,114,600,3,0,2,6,1,3.0,558.0,Y,Y,TA,9825521
295,RL,8786,Saket,1Fam,2Story,4,4,2018,2024,PConc,1323.0,1409,416,1825,1,0,5,8,1,,225.0,Y,Y,Ex,14278982
296,RL,6489,Saket,1Fam,1Story,5,6,1981,1998,PConc,567.0,1188,178,1366,2,0,5,8,0,2.0,437.0,Y,Y,Ex,9781517
297,RL,6387,Whitefield,1Fam,SplitLevel,8,6,2017,2019,PConc,701.0,901,156,1057,3,0,3,7,1,2.0,453.0,Y,Y,TA,11736946
298,RL,8469,Powai,1Fam,SplitLevel,7,8,2016,2024,CBlock,845.0,1274,387,1661,3,0,4,9,0,3.0,575.0,Y,Y,Ex,16400901
299,RL,8354,Koramangala,1Fam,SplitLevel,10,6,2014,2019,CBlock,1141.0,1280,245,1525,2,1,2,6,1,3.0,506.0,N,Y,Ex,17166959
300,RL,7365,Sector17,1Fam,1Story,10,4,1970,1981,PConc,1101.0,1736,118,1854,3,0,2,6,2,3.0,619.0,Y,Y,TA,10846350
301,RL,7021,Whitefield,Apartment,2Story,3,9,1986,1996,PConc,850.0,1165,463,1628,1,0,4,7,0,3.0,564.0,Y,Y,Gd,12229539
302,RM,8122,Malad,1Fam,2Story,5,5,1972,1986,CBlock,630.0,733,306,1039,1,0,3,5,2,0.0,0.0,Y,N,Gd,7477763
303,RL,3516,Saket,1Fam,1Story,5,7,1995,2009,PConc,724.0,1156,155,1311,3,0,5,10,0,3.0,607.0,Y,Y,Gd,9515847
304,C,6257,Whitefield,1Fam,2Story,6,5,1984,1999,CBlock,770.0,974,257,1231,1,0,5,7,2,0.0,27.0,Y,Y,TA,11418025
305,FV,3706,Koramangala,1Fam,2Story,4,5,2005,2014,BrkTil,330.0,396,345,741,2,1,3,6,2,1.0,244.0,Y,Y,TA,10624936
306,RL,8209,Saket,Duplex,SplitLevel,5,4,2001,2012,BrkTil,730.0,864,50,914,3,1,3,8,1,3.0,658.0,N,Y,TA,8492592
307,C,5648,Andheri,1Fam,SplitLevel,5,5,2001,2013,CBlock,851.0,769,725,1494,1,1,4,7,0,0.0,65.0,Y,Y,Fa,9010045
308,RL,3856,Whitefield,1Fam,1Story,7,8,1973,1976,PConc,1246.0,2020,291,2311,2,0,4,8,1,0.0,,Y,Y,Gd,12627664
309,RL,5412,Indiranagar,1Fam,1Story,7,3,1987,1993,PConc,911.0,1171,161,1332,2,0,5,9,2,0.0,0.0,Y,Y,Gd,14956328
310,RL,7298,Saket,1Fam,1Story,8,6,2018,2019,CBlock,666.0,1192,29,1221,1,0,3,5,0,2.0,369.0,Y,N,Ex,9824423
311,RL,6589,Koramangala,1Fam,SplitLevel,9,3,1988,2002,BrkTil,739.0,531,478,1009,3,0,3,8,2,0.0,70.0,Y,Y,Ex,13922884
312,FV,4653,Bandra,1Fam,1Story,9,9,2012,2019,PConc,939.0,1289,326,1615,2,1,5,8,2,3.0,607.0,Y,Y,Ex,19141274
313,RL,3590,Sector17,Duplex,2Story,3,7,2021,2024,PConc,1505.0,1562,627,2189,2,1,5,8,2,3.0,708.0,N,Y,Gd,12709491
314,RL,7147,Viman Nagar,Duplex,2Story,9,6,2004,2018,CBlock,,1730,871,2601,2,0,5,8,2,3.0,581.0,Y,Y,TA,15123214
315,RL,5838,Powai,1Fam,SplitLevel,6,5,2009,2022,PConc,1286.0,949,793,1742,2,0,5,9,1,0.0,115.0,N,Y,Ex,16241316
316,RL,6483,Viman Nagar,Apartment,1Story,3,7,1983,1990,PConc,,1304,365,1669,3,1,5,9,2,,0.0,Y,Y,TA,10311137
317,FV,6680,Koramangala,1Fam,2Story,8,6,2002,2013,BrkTil,,982,346,1328,1,1,4,6,1,2.0,379.0,Y,Y,Gd,12493904
318,RL,7860,Malad,1Fam,SplitLevel,7,8,1983,1995,PConc,646.0,779,632,1411,1,1,5,8,2,1.0,164.0,Y,Y,Fa,7057564
319,RL,8693,Malad,Apartment,2Story,9,8,2003,2013,PConc,1007.0,1543,371,1914,1,1,3,5,0,2.0,432.0,Y,Y,TA,10995174
320,RL,7293,Bandra,1Fam,1Story,4,8,1973,1989,CBlock,1139.0,1253,189,1442,2,1,2,5,2,3.0,529.0,Y,Y,TA,11489090
321,RL,6359,Powai,1Fam,1Story,7,8,1993,2009,CBlock,763.0,1341,177,1518,3,1,4,8,2,3.0,572.0,Y,Y,TA,11965567
322,RL,7049,Indiranagar,1Fam,2Story,10,5,1998,2001,PConc,924.0,1511,76,1587,1,1,3,6,0,3.0,597.0,Y,Y,TA,11994053
323,RL,6321,Bandra,Duplex,1Story,6,3,1988,1995,PConc,537.0,918,386,1304,3,0,2,6,0,2.0,,Y,Y,Gd,12488041
324,RL,3714,Viman Nagar,1Fam,2Story,7,6,1975,1979,CBlock,,1525,37,1562,1,0,4,6,2,3.0,,Y,Y,Gd,10804434
325,C,9183,Bandra,Duplex,2Story,6,5,2002,2017,CBlock,377.0,559,41,600,2,1,5,8,2,3.0,686.0,Y,Y,TA,11818886
326,RL,8806,Viman Nagar,1Fam,SplitLevel,6,8,2018,2021,PConc,1464.0,1214,660,1874,1,0,4,7,1,3.0,621.0,Y,Y,Gd,13502378
327,C,10976,Saket,1Fam,1Story,6,9,2009,2023,PConc,,1608,1167,2775,2,1,5,9,0,0.0,0.0,Y,Y,Gd,14112534
328,FV,11560,Malad,1Fam,2Story,8,3,1988,1999,CBlock,962.0,949,374,1323,2,0,5,9,0,1.0,176.0,N,Y,Gd,10747686
329,FV,4647,Saket,1Fam,1Story,6,9,2022,2024,CBlock,1105.0,1251,535,1786,1,1,5,7,1,0.0,16.0,Y,N,Gd,9881033
330,RL,6329,Sector17,Apartment,1Story,6,7,1970,1985,CBlock,843.0,1595,430,2025,3,0,2,6,2,0.0,0.0,Y,Y,Gd,11927306
331,FV,12023,Powai,Apartment,1Story,10,9,1974,1987,CBlock,1178.0,1773,467,2240,2,1,4,7,2,1.0,223.0,Y,Y,Ex,15721877
332,RM,6918,Indiranagar,1Fam,2Story,4,7,1996,2005,CBlock,924.0,1283,184,1467,3,0,5,9,0,1.0,173.0,Y,Y,Gd,15026473
333,RM,7488,Viman Nagar,1Fam,2Story,3,7,1985,1991,PConc,544.0,526,172,698,1,0,3,5,1,2.0,348.0,Y,Y,Gd,9475200
334,RL,3957,Indiranagar,1Fam,1Story,5,8,1975,1987,BrkTil,1288.0,957,776,1733,2,1,4,8,2,1.0,259.0,Y,Y,Gd,12737701
335,RL,7300,Viman Nagar,1Fam,1Story,10,7,2009,2024,BrkTil,817.0,1546,118,1664,3,1,3,7,0,2.0,435.0,Y,N,TA,12403701
336,FV,10863,Koramangala,1Fam,2Story,3,4,1982,1986,CBlock,696.0,934,493,1427,2,1,2,5,2,2.0,305.0,N,Y,Gd,10143403
337,RL,9573,Bandra,Duplex,2Story,6,6,2017,2019,PConc,736.0,1510,23,1533,1,0,2,5,2,0.0,0.0,Y,N,Fa,11083075
338,RL,5780,Sector17,1Fam,2Story,4,6,2004,2018,CBlock,1284.0,933,738,1671,2,0,4,8,2,,652.0,Y,Y,Ex,13938734
339,RL,6207,Malad,Duplex,SplitLevel,7,8,1988,1991,CBlock,1319.0,1742,38,1780,1,0,2,4,0,0.0,0.0,Y,Y,TA,9449326
340,FV,4738,Viman Nagar,Duplex,SplitLevel,4,4,1981,1995,PConc,1248.0,959,800,1759,3,0,2,7,1,0.0,0.0,Y,Y,Gd,11651030
341,RL,5297,Indiranagar,1Fam,1Story,10,9,1985,1998,CBlock,,917,574,1491,2,1,4,8,1,1.0,187.0,Y,Y,Fa,10804554
342,FV,3179,Sector17,Duplex,1Story,6,5,2012,2024,CBlock,1078.0,937,855,1792,3,1,3,8,2,1.0,205.0,Y,Y,Gd,13429603
343,RL,6830,Andheri,Duplex,2Story,4,9,1979,1997,CBlock,853.0,1242,215,1457,1,0,5,7,1,2.0,391.0,N,Y,TA,9148207
344,RL,10020,Andheri,Duplex,2Story,9,5,1994,2006,PConc,963.0,1777,144,1921,1,1,4,7,2,,395.0,Y,Y,Ex,15375595
345,RL,7710,Saket,1Fam,1Story,4,7,1989,1998,PConc,774.0,922,364,1286,3,1,4,8,0,2.0,392.0,N,Y,TA,7928660
346,RM,9732,Malad,1Fam,2Story,6,3,2000,2004,CBlock,674.0,1577,59,1636,3,1,5,10,0,1.0,151.0,N,Y,Gd,10663636
347,RL,9146,Koramangala,Apartment,1Story,8,5,1973,1992,BrkTil,356.0,626,162,788,1,1,3,5,0,2.0,348.0,N,Y,TA,9469409
348,RL,5906,Indiranagar,1Fam,SplitLevel,9,3,2013,2024,CBlock,,1153,262,1415,3,0,5,9,2,,345.0,Y,Y,TA,13466078
349,RL,5480,Bandra,Duplex,2Story,4,6,1992,1997,CBlock,1319.0,1737,146,1883,1,1,5,7,1,1.0,204.0,Y,Y,Fa,11691847
350,RL,5557,Bandra,1Fam,1Story,5,3,1971,1974,PConc,616.0,702,381,1083,3,1,3,8,0,3.0,629.0,Y,Y,TA,10823649
351,RM,3565,Indiranagar,1Fam,1Story,5,6,1991,1992,CBlock,873.0,974,465,1439,1,1,3,6,2,0.0,0.0,Y,Y,Gd,12891460
352,RL,7064,Powai,Apartment,1Story,4,4,2020,2024,BrkTil,328.0,571,29,600,1,0,5,8,1,1.0,124.0,N,Y,Ex,12230819
353,RL,2000,Koramangala,1Fam,2Story,8,4,2006,2023,CBlock,637.0,869,46,915,2,1,5,8,1,2.0,356.0,Y,Y,TA,10225329
354,RL,8182,Sector17,Apartment,2Story,7,8,1977,1981,BrkTil,746.0,1033,13,1046,1,0,4,7,1,0.0,70.0,Y,Y,Ex,10302804
355,RL,7143,Viman Nagar,1Fam,2Story,6,8,1976,1979,CBlock,1163.0,1569,81,1650,1,0,3,6,2,1.0,184.0,Y,N,TA,9079113
356,FV,7942,Powai,1Fam,1Story,5,7,1983,1995,CBlock,,995,771,1766,2,1,2,5,2,0.0,0.0,Y,Y,Gd,13798088
357,RL,9114,Viman Nagar,1Fam,1Story,7,5,1972,1990,PConc,756.0,1432,139,1571,2,1,3,7,2,0.0,0.0,Y,Y,Gd,11702086
358,RL,7397,Viman Nagar,Apartment,1Story,4,7,2019,2020,PConc,753.0,992,416,1408,3,0,5,9,0,3.0,628.0,Y,Y,TA,11547842
359,RL,10263,Powai,Apartment,1Story,10,6,1985,1997,PConc,828.0,1403,7,1410,3,0,5,10,2,2.0,393.0,Y,Y,Gd,13954069
360,RM,8243,Saket,Duplex,1Story,7,7,1988,1998,PConc,1042.0,1441,517,1958,1,0,5,7,0,1.0,163.0,Y,Y,TA,9821712
361,RL,5485,Andheri,1Fam,1Story,9,3,2020,2023,PConc,1197.0,1325,381,1706,3,0,5,9,0,2.0,348.0,Y,N,Gd,12426295
362,RL,6524,Viman Nagar,1Fam,1Story,3,6,1987,2006,CBlock,761.0,1096,337,1433,3,1,2,7,0,3.0,618.0,Y,N,Ex,12536094
363,RM,2477,Powai,Duplex,2Story,5,8,2021,2024,BrkTil,1022.0,1484,762,2246,1,0,3,5,2,3.0,613.0,Y,Y,Fa,11639920
364,RM,5195,Powai,1Fam,SplitLevel,4,4,1985,1999,CBlock,1440.0,1383,1191,2574,2,1,2,6,0,1.0,138.0,Y,Y,Gd,14744306
365,RL,6238,Whitefield,Duplex,1Story,10,8,1977,1980,PConc,773.0,926,51,977,2,1,2,6,2,1.0,261.0,Y,Y,TA,10380980
366,RL,8092,Saket,Duplex,2Story,6,5,2002,2010,BrkTil,912.0,1677,184,1861,1,0,5,8,2,3.0,567.0,N,N,Gd,10819373
367,RL,5499,Malad,1Fam,1Story,10,6,2018,2024,CBlock,2027.0,1791,1353,3144,1,1,2,5,0,1.0,88.0,Y,Y,TA,15021708
368,RM,4507,Whitefield,Duplex,2Story,8,6,1981,1999,CBlock,997.0,1545,195,1740,1,0,5,7,0,0.0,76.0,N,Y,Ex,16141861
369,FV,3224,Whitefield,Duplex,SplitLevel,9,3,2022,2024,BrkTil,709.0,1347,310,1657,1,0,5,7,0,0.0,0.0,Y,Y,Gd,14913297
370,RL,5807,Indiranagar,Apartment,1Story,4,5,1980,1985,BrkTil,935.0,1107,465,1572,1,0,5,7,2,3.0,621.0,Y,N,Gd,12882351
371,RM,10901,Andheri,1Fam,1Story,6,4,1974,1979,CBlock,1256.0,1156,689,1845,1,1,2,5,2,2.0,483.0,Y,N,Gd,9386378
372,RL,7542,Powai,Duplex,1Story,8,9,1996,2015,CBlock,1196.0,1838,139,1977,3,1,5,10,0,1.0,149.0,Y,Y,Fa,11698558
373,C,8879,Andheri,1Fam,2Story,8,6,1981,1995,CBlock,,830,147,977,3,0,2,6,0,1.0,223.0,Y,Y,Ex,11262255
374,RM,5199,Koramangala,1Fam,2Story,4,6,1986,2000,PConc,817.0,1227,359,1586,3,1,3,7,1,0.0,58.0,Y,Y,TA,10571630
375,RM,3853,Indiranagar,1Fam,1Story,9,3,1975,1994,CBlock,260.0,482,118,600,2,1,5,9,0,1.0,153.0,N,Y,Gd,10214216
376,RL,4557,Malad,1Fam,1Story,7,7,2002,2010,PConc,1158.0,815,680,1495,1,1,4,7,1,2.0,473.0,Y,Y,Gd,11361150
377,RL,6805,Andheri,1Fam,SplitLevel,7,4,1974,1977,PConc,632.0,846,302,1148,1,1,4,7,1,1.0,129.0,N,Y,Gd,8728093
378,RM,3011,Bandra,1Fam,1Story,8,8,1997,2014,CBlock,1115.0,1055,714,1769,3,1,4,8,2,1.0,195.0,Y,Y,Gd,15625278
379,RL,4986,Viman Nagar,Apartment,1Story,7,5,1983,2000,PConc,552.0,465,306,771,2,0,4,8,2,0.0,0.0,Y,N,Gd,8886693
380,RL,5827,Koramangala,1Fam,SplitLevel,3,6,1974,1978,CBlock,711.0,1115,228,1343,3,1,4,8,1,1.0,234.0,Y,Y,Gd,9786121
381,RL,4358,Saket,1Fam,1Story,8,6,2002,2021,CBlock,1429.0,1990,93,2083,1,1,2,5,1,3.0,551.0,Y,Y,TA,10656861
382,RL,2752,Malad,1Fam,SplitLevel,8,8,2019,2024,BrkTil,572.0,885,376,1261,1,0,3,5,0,3.0,569.0,Y,Y,Ex,11792151
383,RM,7579,Koramangala,1Fam,SplitLevel,6,4,2017,2021,PConc,334.0,390,257,647,3,1,2,7,1,2.0,356.0,Y,Y,Gd,10177832
384,RL,7091,Viman Nagar,1Fam,1Story,7,7,2010,2013,BrkTil,791.0,1424,304,1728,3,1,5,9,0,2.0,339.0,N,Y,Gd,13576119
385,RL,8558,Indiranagar,1Fam,2Story,9,6,1988,1999,BrkTil,946.0,1221,85,1306,1,1,3,5,2,2.0,361.0,Y,Y,TA,12538187
386,RL,4779,Viman Nagar,Apartment,2Story,8,4,1991,1992,CBlock,737.0,1317,190,1507,3,0,3,7,0,2.0,397.0,Y,Y,Ex,14216413
387,C,8519,Whitefield,Duplex,SplitLevel,10,8,1974,1986,CBlock,848.0,1153,82,1235,1,1,3,6,2,0.0,0.0,Y,Y,Fa,9322193
388,FV,10058,Viman Nagar,1Fam,1Story,9,3,1971,1980,PConc,2010.0,1987,600,2587,3,1,3,7,1,1.0,189.0,Y,Y,Ex,15850621
389,RL,7524,Whitefield,1Fam,2Story,3,7,1999,2007,BrkTil,501.0,718,102,820,2,0,4,7,1,0.0,0.0,Y,Y,Gd,11412517
390,RL,5780,Indiranagar,1Fam,SplitLevel,6,5,2016,2024,CBlock,1857.0,1719,1297,3016,1,0,5,8,1,2.0,382.0,Y,Y,Ex,22351913
391,RL,7290,Sector17,1Fam,2Story,4,6,2008,2014,PConc,820.0,946,458,1404,2,1,3,6,0,1.0,120.0,Y,Y,Gd,11387726
392,RL,5684,Whitefield,1Fam,SplitLevel,9,4,1973,1976,PConc,896.0,1174,517,1691,3,0,3,7,2,3.0,565.0,Y,Y,TA,11767839
393,RM,5351,Saket,Duplex,2Story,8,3,2002,2020,CBlock,774.0,991,321,1312,2,0,4,8,2,0.0,0.0,Y,Y,Gd,10652956
394,RL,8366,Viman Nagar,1Fam,SplitLevel,3,5,1982,1991,PConc,827.0,1245,46,1291,3,0,2,6,2,1.0,214.0,Y,Y,Ex,12498741
395,RL,6721,Viman Nagar,Duplex,1Story,5,9,1989,1991,CBlock,958.0,1131,76,1207,2,1,2,6,2,3.0,608.0,N,Y,Ex,12308437
396,RL,9410,Saket,1Fam,2Story,3,4,1976,1994,PConc,1472.0,1077,823,1900,2,1,2,5,2,3.0,538.0,Y,N,Gd,9675746
397,FV,6115,Bandra,1Fam,2Story,3,4,1984,1985,CBlock,665.0,524,370,894,2,0,5,9,0,2.0,421.0,Y,N,Fa,7687276
398,C,6317,Powai,1Fam,1Story,6,5,1992,2011,CBlock,1346.0,1209,573,1782,1,0,2,4,2,3.0,606.0,Y,N,TA,10470433
399,RM,5866,Sector17,1Fam,1Story,4,3,1983,1992,BrkTil,352.0,387,213,600,2,0,3,6,1,3.0,672.0,Y,Y,Gd,8515168
400,RL,4759,Malad,1Fam,2Story,5,9,1992,1993,CBlock,1150.0,1401,335,1736,3,0,4,8,2,2.0,325.0,N,Y,Gd,10935650
401,RL,8628,Whitefield,1Fam,1Story,7,8,1988,1989,CBlock,1534.0,1925,99,2024,3,1,4,9,1,1.0,,N,Y,TA,13090453
402,C,11371,Saket,1Fam,1Story,7,3,1998,2014,BrkTil,536.0,943,19,962,1,0,2,4,0,1.0,,Y,Y,TA,8016931
403,RL,6235,Indiranagar,1Fam,1Story,9,7,1989,2004,CBlock,1521.0,1603,336,1939,1,1,4,6,0,2.0,385.0,N,Y,TA,14872244
404,RM,5639,Whitefield,1Fam,SplitLevel,3,6,1998,2013,CBlock,920.0,1493,132,1625,3,0,3,8,1,0.0,0.0,N,Y,Gd,12426452
405,RL,5509,Powai,1Fam,1Story,10,5,1993,2006,PConc,1536.0,1829,570,2399,2,1,2,6,2,2.0,359.0,Y,Y,Gd,15895209
406,RL,5640,Indiranagar,1Fam,2Story,6,8,1987,1993,CBlock,801.0,708,464,1172,3,1,3,8,0,1.0,,N,N,TA,11062133
407,RL,10299,Koramangala,1Fam,1Story,10,9,1979,1989,PConc,2346.0,2292,715,3007,1,0,5,7,0,0.0,0.0,Y,Y,Gd,16753464
408,C,5563,Viman Nagar,1Fam,2Story,6,5,2010,2010,BrkTil,298.0,466,134,600,1,1,3,5,0,2.0,383.0,Y,N,TA,9054630
409,RL,5829,Koramangala,1Fam,2Story,7,5,1977,1987,PConc,1002.0,1250,185,1435,3,1,3,7,2,1.0,156.0,Y,Y,Ex,12632273
410,RM,4519,Whitefield,Apartment,2Story,9,3,1995,1998,PConc,456.0,457,293,750,2,1,3,7,1,1.0,159.0,Y,Y,TA,10845012
411,C,7587,Powai,Duplex,2Story,9,6,1998,2004,PConc,1281.0,1727,798,2525,2,0,3,7,1,1.0,222.0,N,N,Gd,14201047
412,FV,6865,Sector17,Apartment,2Story,9,7,1979,1993,PConc,1043.0,1001,468,1469,1,1,5,7,2,3.0,580.0,Y,Y,Gd,11127934
413,RL,4725,Whitefield,1Fam,2Story,5,4,1986,2003,PConc,940.0,1483,31,1514,3,1,2,6,0,,611.0,N,Y,TA,12611095
414,RL,5214,Saket,1Fam,1Story,4,4,1971,1982,CBlock,1209.0,1314,507,1821,3,0,3,8,2,0.0,0.0,Y,Y,TA,9693315
415,FV,10065,Andheri,Duplex,2Story,5,5,1975,1991,BrkTil,,1401,196,1597,1,0,2,5,2,0.0,,Y,N,TA,8503091
416,RL,7065,Whitefield,1Fam,1Story,8,6,1974,1974,PConc,772.0,1140,163,1303,3,1,4,9,1,0.0,10.0,Y,Y,Fa,8212355
417,RL,7203,Viman Nagar,1Fam,1Story,8,9,1997,2007,PConc,628.0,614,357,971,1,1,3,5,2,,661.0,N,Y,TA,9721339
418,RL,7211,Viman Nagar,1Fam,SplitLevel,10,9,2010,2010,CBlock,946.0,1323,361,1684,2,0,3,7,2,0.0,0.0,Y,Y,TA,12370699
419,RL,9789,Whitefield,1Fam,SplitLevel,4,8,1974,1988,PConc,857.0,1694,95,1789,2,0,4,8,0,1.0,222.0,Y,Y,TA,11941875
420,RL,4909,Indiranagar,Duplex,1Story,7,3,1987,1996,BrkTil,1527.0,1436,511,1947,3,1,2,7,0,1.0,239.0,Y,Y,Gd,14480793
421,RM,6207,Andheri,1Fam,SplitLevel,4,6,1995,2001,PConc,1545.0,2485,71,2556,2,1,5,9,1,0.0,21.0,Y,N,TA,10887056
422,RM,6662,Saket,1Fam,2Story,6,6,1989,1990,CBlock,416.0,364,236,600,2,0,3,6,0,0.0,84.0,N,Y,Gd,8033289
423,RL,3557,Whitefield,Apartment,1Story,8,3,2010,2019,PConc,883.0,841,725,1566,1,0,4,7,2,,,Y,N,TA,11964698
424,C,5167,Indiranagar,1Fam,1Story,3,9,2018,2021,PConc,1189.0,2075,120,2195,1,1,4,6,2,1.0,208.0,Y,Y,Gd,17105798
425,RL,9093,Viman Nagar,1Fam,SplitLevel,3,9,1996,2007,CBlock,865.0,1419,118,1537,3,1,3,7,2,2.0,379.0,Y,Y,Ex,13618849
426,RL,8520,Viman Nagar,Apartment,2Story,7,9,2018,2024,PConc,338.0,597,3,600,1,0,2,5,1,2.0,376.0,Y,N,Ex,12187755
427,FV,8874,Powai,1Fam,1Story,6,5,1981,1991,BrkTil,589.0,801,153,954,3,1,2,7,0,3.0,674.0,Y,Y,TA,10241617
428,RL,5821,Whitefield,Duplex,2Story,10,6,1976,1983,CBlock,1089.0,1708,56,1764,3,1,3,7,2,3.0,568.0,Y,Y,Gd,14574548
429,RM,6068,Andheri,1Fam,2Story,5,4,1972,1989,CBlock,1045.0,1594,152,1746,1,1,4,7,0,3.0,642.0,N,N,Gd,10561965
430,RL,3423,Bandra,Duplex,2Story,6,3,1979,1989,BrkTil,878.0,1785,151,1936,2,1,3,6,0,1.0,147.0,Y,Y,TA,13377779
431,RM,8863,Andheri,Apartment,2Story,3,9,2003,2013,PConc,723.0,948,261,1209,2,0,5,9,0,0.0,50.0,Y,Y,Ex,12416332
432,RL,9193,Viman Nagar,1Fam,2Story,3,8,1994,2006,CBlock,808.0,1195,534,1729,2,0,5,8,0,0.0,0.0,N,Y,Gd,11535236
433,RL,9167,Viman Nagar,1Fam,2Story,10,9,2004,2006,PConc,507.0,1090,37,1127,2,1,2,5,1,3.0,585.0,Y,Y,Gd,11596437
434,RL,10208,Koramangala,1Fam,SplitLevel,8,9,1985,1996,CBlock,1336.0,1238,491,1729,3,1,5,9,1,1.0,123.0,Y,N,TA,9848152
435,RL,7844,Viman Nagar,1Fam,SplitLevel,6,7,1971,1973,CBlock,1043.0,1251,375,1626,2,1,4,8,1,2.0,,Y,Y,Gd,10561283
436,RL,10113,Saket,Duplex,2Story,6,5,1993,2002,PConc,789.0,859,330,1189,3,1,5,9,2,3.0,565.0,Y,Y,TA,9553585
437,C,6599,Malad,1Fam,SplitLevel,3,3,1979,1995,PConc,1333.0,1861,518,2379,1,0,3,5,2,1.0,287.0,Y,Y,Gd,11589263
438,RL,3465,Whitefield,1Fam,SplitLevel,5,7,2007,2008,CBlock,570.0,549,198,747,1,1,4,7,2,3.0,602.0,N,Y,Gd,11636944
439,C,8721,Andheri,Duplex,1Story,7,7,1991,2007,BrkTil,1001.0,801,728,1529,3,1,2,7,1,1.0,170.0,Y,Y,Ex,13205450
440,RL,3392,Malad,1Fam,SplitLevel,9,8,1995,2010,BrkTil,833.0,1108,70,1178,2,0,2,5,0,1.0,168.0,Y,Y,Fa,8375545
441,RL,7340,Indiranagar,Duplex,1Story,7,6,2012,2013,CBlock,1377.0,1817,700,2517,3,0,5,9,1,3.0,532.0,Y,Y,Gd,17884438
442,FV,8910,Bandra,1Fam,1Story,6,8,2008,2024,PConc,1488.0,1508,391,1899,2,1,2,6,2,,76.0,Y,Y,Gd,16673565
443,FV,7648,Saket,1Fam,2Story,7,6,1996,2001,BrkTil,928.0,726,549,1275,2,0,3,6,2,3.0,662.0,Y,Y,Fa,8091786
444,RL,11556,Andheri,1Fam,2Story,3,6,1998,2007,BrkTil,1082.0,732,728,1460,3,0,4,9,0,0.0,0.0,Y,Y,Gd,10410208
445,C,3068,Malad,Apartment,2Story,3,3,2016,2024,PConc,1186.0,1575,955,2530,3,1,3,8,1,0.0,108.0,Y,Y,Gd,13316832
446,RL,6834,Bandra,1Fam,2Story,10,9,2007,2014,PConc,572.0,959,167,1126,2,1,3,7,0,2.0,399.0,Y,Y,TA,14407283
447,RL,7034,Koramangala,1Fam,1Story,6,3,1989,1989,BrkTil,368.0,394,323,717,3,0,3,7,1,1.0,254.0,N,N,TA,8571773
448,RL,4311,Saket,1Fam,SplitLevel,10,5,1996,2008,BrkTil,887.0,1665,80,1745,2,1,3,7,2,3.0,628.0,Y,Y,TA,10727343
449,FV,4692,Saket,Duplex,1Story,6,6,2010,2018,PConc,,1066,690,1756,3,0,4,8,0,1.0,171.0,N,Y,TA,10351003
450,FV,5309,Koramangala,1Fam,SplitLevel,9,7,1989,1998,BrkTil,797.0,1164,769,1933,1,0,4,6,0,2.0,409.0,Y,Y,TA,12502380
451,RL,4800,Whitefield,Duplex,1Story,9,9,2013,2024,CBlock,833.0,1143,793,1936,2,0,3,7,1,0.0,18.0,N,Y,TA,13644377
452,RM,6784,Koramangala,1Fam,2Story,8,4,1988,1992,BrkTil,1266.0,1259,1226,2485,1,1,3,6,1,3.0,534.0,Y,Y,TA,13445536
453,C,5794,Saket,1Fam,1Story,6,5,1989,2004,PConc,355.0,655,85,740,3,1,2,7,1,1.0,214.0,N,Y,Gd,8855856
454,RL,7635,Saket,1Fam,2Story,5,3,2004,2016,CBlock,491.0,935,63,998,1,0,2,5,2,2.0,,N,Y,Gd,8839712
455,RM,8298,Malad,1Fam,1Story,7,8,2016,2024,PConc,1388.0,1558,373,1931,3,0,4,8,1,0.0,0.0,N,Y,TA,13487235
456,RL,8163,Viman Nagar,Apartment,1Story,6,5,1971,1988,BrkTil,654.0,622,425,1047,2,1,2,5,2,0.0,0.0,N,Y,TA,8806907
457,RL,6179,Bandra,1Fam,1Story,4,5,1999,2009,PConc,350.0,559,312,871,3,0,4,9,1,1.0,144.0,Y,Y,Gd,12841679
458,RM,7568,Koramangala,Duplex,2Story,8,9,2022,2024,CBlock,1447.0,1868,664,2532,3,0,4,8,1,0.0,0.0,Y,Y,Ex,18095198
459,RL,9070,Bandra,1Fam,SplitLevel,4,5,2003,2018,PConc,,771,19,790,2,1,5,9,2,2.0,379.0,Y,Y,Gd,13011154
460,RL,7891,Koramangala,Duplex,1Story,3,5,1991,1992,CBlock,634.0,888,536,1424,3,1,4,8,1,0.0,78.0,Y,N,Fa,8214456
461,RL,10717,Indiranagar,1Fam,2Story,9,4,1972,1973,PConc,1052.0,1359,211,1570,2,1,2,5,2,3.0,584.0,N,Y,Ex,15249328
462,RM,8964,Saket,Apartment,2Story,7,8,1975,1986,PConc,1534.0,1622,632,2254,3,1,5,9,2,3.0,573.0,Y,Y,Gd,11131895
463,RL,10436,Viman Nagar,1Fam,1Story,6,8,1984,1991,PConc,457.0,431,234,665,2,0,2,6,1,1.0,195.0,Y,Y,TA,9102753
464,RL,2015,Malad,Duplex,1Story,4,8,1996,2004,PConc,1249.0,1315,492,1807,1,1,4,6,1,2.0,314.0,Y,Y,TA,10549372
465,RM,7193,Viman Nagar,1Fam,1Story,7,6,1979,1990,CBlock,461.0,618,536,1154,3,1,4,8,0,0.0,0.0,Y,Y,TA,10083133
466,RL,6352,Viman Nagar,1Fam,1Story,3,7,1978,1986,PConc,1495.0,1720,193,1913,3,0,3,7,1,0.0,0.0,Y,N,Fa,9088998
467,C,6750,Viman Nagar,1Fam,1Story,9,8,2002,2011,PConc,831.0,712,434,1146,3,0,4,8,0,0.0,16.0,Y,Y,TA,11367087
468,RL,5390,Bandra,Duplex,1Story,5,5,2001,2002,PConc,1817.0,2058,328,2386,2,0,5,9,1,3.0,599.0,Y,Y,TA,15738484
469,RL,7792,Koramangala,1Fam,1Story,8,5,2017,2024,CBlock,466.0,613,536,1149,3,1,4,8,2,2.0,443.0,Y,Y,Gd,12974193
470,RL,3383,Sector17,Duplex,2Story,7,8,1975,1994,PConc,464.0,586,14,600,2,0,3,7,2,0.0,0.0,Y,Y,Gd,8285281
471,RL,7806,Indiranagar,1Fam,2Story,7,9,2010,2016,PConc,872.0,718,487,1205,3,1,4,9,0,1.0,189.0,Y,Y,TA,12399681
472,FV,5456,Andheri,Apartment,2Story,5,8,2005,2006,CBlock,1079.0,1382,87,1469,1,0,4,6,1,2.0,320.0,N,N,Gd,10859536
473,RL,5999,Viman Nagar,1Fam,2Story,7,5,1971,1971,CBlock,936.0,1937,204,2141,3,1,4,8,0,2.0,413.0,Y,Y,TA,10255514
474,RM,7877,Whitefield,1Fam,1Story,3,6,1998,2016,CBlock,674.0,954,16,970,1,0,3,6,1,0.0,0.0,Y,Y,Gd,11846516
475,RL,7157,Bandra,1Fam,1Story,3,3,1973,1976,PConc,,724,256,980,2,1,2,6,1,3.0,587.0,Y,Y,Gd,11777009
476,RM,9107,Malad,1Fam,1Story,5,3,1970,1971,PConc,1396.0,1796,284,2080,1,1,4,7,2,2.0,410.0,Y,Y,Gd,9921868
477,FV,5060,Andheri,1Fam,2Story,8,8,1988,2001,CBlock,572.0,625,287,912,3,0,5,9,0,1.0,180.0,Y,Y,Gd,10454765
478,RL,6838,Sector17,1Fam,SplitLevel,6,4,1995,1996,BrkTil,,894,616,1510,3,0,3,7,2,2.0,286.0,Y,Y,Ex,11968446
479,RL,8777,Whitefield,Apartment,1Story,4,8,1994,2008,CBlock,877.0,1096,424,1520,2,1,5,9,2,3.0,683.0,Y,Y,Ex,14717649
480,FV,7722,Sector17,Duplex,1Story,6,9,1979,1990,PConc,1092.0,995,713,1708,3,0,4,9,2,1.0,175.0,Y,Y,TA,10703032
481,RM,7851,Andheri,1Fam,2Story,7,8,2022,2024,CBlock,723.0,1214,11,1225,3,1,3,8,0,3.0,519.0,N,Y,Fa,8520741
482,RL,9216,Viman Nagar,1Fam,2Story,4,3,1984,2003,BrkTil,878.0,622,514,1136,2,1,4,7,1,0.0,38.0,Y,Y,Ex,12679716
483,RL,6187,Whitefield,1Fam,1Story,10,5,1991,1997,CBlock,760.0,1404,363,1767,2,1,5,8,1,2.0,439.0,Y,Y,Gd,15223212
484,RL,5766,Sector17,1Fam,1Story,5,8,2020,2024,BrkTil,691.0,936,216,1152,1,0,3,6,0,1.0,184.0,N,Y,Gd,11309725
485,C,8151,Malad,1Fam,SplitLevel,5,5,2017,2024,PConc,620.0,707,213,920,2,1,2,5,1,3.0,676.0,Y,Y,Gd,10484787
486,RM,6701,Koramangala,Duplex,1Story,8,5,1990,2003,CBlock,1586.0,1839,374,2213,3,1,2,7,0,0.0,0.0,Y,Y,TA,12423026
487,FV,9244,Saket,Apartment,2Story,4,4,1991,1995,CBlock,,1029,815,1844,2,1,2,5,0,1.0,208.0,Y,N,Gd,8658782
488,RL,7739,Koramangala,1Fam,SplitLevel,3,5,2005,2022,CBlock,1895.0,1930,553,2483,3,1,4,9,1,2.0,425.0,Y,Y,Gd,14878732
489,RL,5753,Andheri,1Fam,SplitLevel,4,3,2003,2016,CBlock,1546.0,1281,710,1991,1,0,3,5,2,2.0,475.0,N,Y,TA,9810235
490,RL,7676,Bandra,1Fam,1Story,7,6,1999,2000,CBlock,410.0,936,29,965,2,0,5,8,0,3.0,502.0,Y,Y,Gd,13170170
491,RL,5194,Saket,Apartment,1Story,3,6,1994,2005,CBlock,924.0,1451,197,1648,3,1,5,9,0,1.0,314.0,Y,Y,Gd,9966825
492,RL,8893,Indiranagar,1Fam,1Story,9,7,2014,2019,BrkTil,447.0,1076,16,1092,2,0,4,7,0,0.0,58.0,N,Y,TA,12517626
493,RL,4205,Malad,1Fam,2Story,9,9,1997,2000,PConc,411.0,401,373,774,2,0,4,7,0,0.0,22.0,Y,Y,TA,8116718
494,C,9444,Indiranagar,Apartment,2Story,10,8,1970,1982,CBlock,845.0,884,492,1376,2,1,5,8,1,0.0,0.0,Y,Y,TA,11855300
495,RL,7641,Whitefield,1Fam,SplitLevel,9,9,2018,2021,BrkTil,1597.0,1249,841,2090,2,0,3,6,1,3.0,555.0,N,Y,TA,15064243
496,RL,6670,Saket,1Fam,2Story,5,3,2014,2024,PConc,1282.0,878,859,1737,1,0,4,7,0,0.0,14.0,Y,Y,TA,9510594
497,FV,8526,Indiranagar,1Fam,2Story,4,5,1973,1988,PConc,407.0,561,343,904,3,0,3,8,2,1.0,224.0,Y,Y,Gd,11454910
498,FV,8022,Indiranagar,Duplex,1Story,9,6,1976,1979,PConc,593.0,1139,219,1358,2,0,5,9,1,3.0,618.0,Y,Y,Gd,12638006
499,RL,9660,Sector17,1Fam,1Story,6,9,2018,2018,PConc,971.0,940,588,1528,3,0,3,7,2,2.0,407.0,N,Y,TA,10179667
500,FV,9642,Koramangala,Apartment,1Story,8,3,1978,1990,BrkTil,462.0,569,186,755,1,0,2,4,2,3.0,621.0,Y,Y,TA,9763581
501,RL,7704,Sector17,Apartment,1Story,6,6,2005,2008,PConc,,1846,110,1956,3,1,5,9,0,3.0,490.0,Y,Y,Gd,12298672
502,RL,5256,Saket,Duplex,2Story,9,5,1988,2007,CBlock,1128.0,1257,228,1485,3,0,2,7,1,3.0,586.0,Y,Y,Gd,11123554
503,C,5916,Saket,1Fam,2Story,10,9,1970,1987,PConc,696.0,630,274,904,1,1,5,8,0,1.0,130.0,Y,Y,TA,7590164
504,RM,6856,Andheri,Duplex,1Story,8,6,1979,1984,PConc,491.0,601,275,876,2,1,2,6,0,2.0,397.0,Y,N,Gd,7502932
505,C,9163,Sector17,1Fam,1Story,7,8,2005,2007,BrkTil,1625.0,1564,586,2150,3,1,3,8,2,2.0,465.0,N,Y,Ex,15493196
506,C,6087,Powai,1Fam,1Story,6,8,1978,1990,CBlock,779.0,829,580,1409,3,0,5,10,2,3.0,554.0,Y,Y,Gd,12453047
507,RL,6254,Koramangala,1Fam,1Story,10,7,2014,2024,PConc,1524.0,1793,402,2195,2,0,5,9,2,3.0,564.0,Y,N,Ex,17582196
508,RL,10696,Saket,1Fam,SplitLevel,4,7,2015,2019,BrkTil,1408.0,1627,759,2386,2,1,2,5,0,3.0,557.0,Y,Y,Gd,13103458
509,RL,6791,Andheri,Duplex,SplitLevel,4,6,2011,2014,PConc,947.0,1955,156,2111,3,1,3,8,0,1.0,164.0,Y,Y,Gd,13298691
510,RL,5730,Sector17,Apartment,1Story,6,3,2001,2008,PConc,1027.0,1170,163,1333,1,1,5,7,0,1.0,227.0,N,N,TA,9471703
511,RL,8553,Koramangala,Duplex,2Story,9,8,2001,2019,CBlock,348.0,483,117,600,2,0,4,8,0,,39.0,Y,Y,Gd,10575343
512,RL,6887,Sector17,Duplex,1Story,10,3,1975,1988,PConc,1218.0,1197,559,1756,2,0,2,6,0,2.0,473.0,Y,Y,TA,10369967
513,C,4220,Indiranagar,Apartment,1Story,4,3,2017,2023,CBlock,1446.0,1600,1045,2645,1,0,5,7,0,0.0,0.0,N,Y,TA,16596263
514,C,9081,Andheri,Apartment,2Story,7,6,2007,2020,CBlock,644.0,1404,178,1582,3,1,3,7,0,0.0,34.0,Y,Y,Gd,11745856
515,RM,5505,Koramangala,1Fam,1Story,3,3,1986,1991,PConc,266.0,449,156,605,2,0,3,6,0,3.0,642.0,Y,Y,Ex,10593447
516,RL,7087,Viman Nagar,1Fam,1Story,9,8,1979,1990,CBlock,755.0,772,490,1262,3,0,3,8,1,1.0,282.0,Y,Y,TA,11488193
517,RM,6863,Whitefield,1Fam,1Story,10,5,2019,2024,PConc,1019.0,901,607,1508,3,1,3,8,1,0.0,0.0,N,Y,Ex,16532618
518,RM,7460,Whitefield,1Fam,1Story,7,7,1996,2012,CBlock,561.0,612,439,1051,3,0,2,6,1,,0.0,Y,Y,Ex,14856386
519,FV,2617,Koramangala,1Fam,1Story,10,5,2019,2024,PConc,406.0,533,67,600,1,1,5,8,1,0.0,0.0,Y,N,Ex,11175130
520,RL,6329,Sector17,Apartment,1Story,8,3,2004,2017,BrkTil,1053.0,953,598,1551,3,0,2,6,0,3.0,740.0,N,Y,Gd,12858494
521,RL,9249,Andheri,Apartment,1Story,7,5,2021,2024,BrkTil,822.0,921,286,1207,3,1,2,7,0,3.0,545.0,Y,N,TA,10470986
522,FV,9530,Whitefield,1Fam,2Story,9,8,1990,2003,PConc,1484.0,1804,682,2486,2,0,3,7,2,1.0,224.0,Y,Y,TA,15550721
523,FV,5017,Andheri,1Fam,1Story,8,8,1994,2008,BrkTil,1263.0,1303,347,1650,2,1,4,8,2,0.0,0.0,Y,Y,Gd,11822291
524,RL,8841,Whitefield,1Fam,1Story,9,3,1997,2008,CBlock,1092.0,1721,113,1834,1,0,3,5,1,0.0,,Y,Y,Fa,12201381
525,RL,5477,Indiranagar,1Fam,1Story,4,6,2016,2024,CBlock,893.0,1438,102,1540,1,1,4,7,2,1.0,106.0,Y,Y,Gd,14656647
526,C,6250,Sector17,1Fam,SplitLevel,3,5,1984,1992,CBlock,789.0,1194,452,1646,2,1,2,5,1,1.0,80.0,Y,Y,TA,10640841
527,RL,6356,Indiranagar,Apartment,1Story,9,6,1973,1987,PConc,404.0,392,381,773,2,0,3,6,0,1.0,204.0,Y,Y,TA,10557335
528,RM,7217,Whitefield,1Fam,SplitLevel,9,6,1998,2009,PConc,449.0,769,310,1079,1,0,3,5,0,2.0,405.0,Y,Y,TA,12101173
529,RL,9002,Viman Nagar,1Fam,1Story,4,4,1978,1979,PConc,1400.0,1721,423,2144,3,1,2,6,2,1.0,270.0,N,Y,Ex,14555775
530,RL,7529,Viman Nagar,1Fam,SplitLevel,5,3,1996,2000,PConc,851.0,1327,377,1704,1,0,3,5,0,3.0,642.0,Y,Y,TA,10422811
531,RL,6747,Indiranagar,1Fam,1Story,4,7,1995,2007,PConc,730.0,1155,245,1400,3,1,5,9,0,2.0,299.0,N,Y,Gd,14471522
532,RL,8934,Viman Nagar,Apartment,1Story,8,8,1988,2007,CBlock,1305.0,1063,780,1843,2,1,4,7,1,1.0,192.0,Y,N,Gd,12135583
533,RL,5394,Whitefield,Duplex,2Story,4,8,1997,2004,PConc,983.0,1524,328,1852,2,0,4,7,2,3.0,565.0,N,Y,Gd,13831013
534,RL,6845,Koramangala,1Fam,2Story,4,3,1986,1999,CBlock,1289.0,1534,1061,2595,2,0,4,7,0,1.0,133.0,Y,Y,TA,12161422
535,RL,8991,Indiranagar,Apartment,2Story,3,9,2012,2024,PConc,786.0,1471,210,1681,3,0,3,8,2,1.0,221.0,Y,N,Ex,14885228
536,RL,8058,Bandra,1Fam,1Story,4,9,2010,2020,PConc,758.0,715,353,1068,1,1,5,7,0,2.0,452.0,Y,Y,Ex,15820806
537,RL,6067,Sector17,Duplex,1Story,10,9,2011,2011,PConc,696.0,1318,224,1542,3,1,3,8,1,3.0,559.0,Y,Y,Ex,13419701
538,RL,3974,Viman Nagar,1Fam,2Story,9,7,2019,2021,CBlock,1106.0,997,906,1903,1,0,4,6,0,0.0,0.0,Y,Y,Gd,13661183
539,FV,7621,Viman Nagar,Duplex,SplitLevel,10,8,1989,2005,BrkTil,1264.0,1476,621,2097,1,1,3,6,2,1.0,186.0,N,Y,Ex,14568619
540,RL,3842,Saket,1Fam,SplitLevel,3,3,2014,2024,PConc,534.0,675,117,792,1,1,4,7,2,2.0,366.0,Y,Y,Fa,6475957
541,RL,6574,Powai,1Fam,2Story,6,8,2009,2022,CBlock,1127.0,1058,668,1726,2,0,2,6,1,3.0,578.0,N,Y,Gd,15431499
542,RL,9357,Indiranagar,1Fam,1Story,5,6,2008,2015,BrkTil,833.0,1033,118,1151,1,1,4,7,0,1.0,166.0,Y,Y,Ex,16383803
543,C,8193,Malad,1Fam,1Story,10,5,2018,2024,BrkTil,549.0,1073,243,1316,2,1,2,6,1,0.0,6.0,Y,Y,TA,10803246
544,RL,2952,Viman Nagar,Apartment,2Story,3,5,2022,2024,CBlock,1048.0,1605,417,2022,1,1,2,5,2,3.0,570.0,Y,Y,TA,14030763
545,RL,7400,Sector17,1Fam,2Story,8,8,1992,1994,PConc,1010.0,1335,638,1973,1,0,2,4,1,3.0,621.0,Y,Y,TA,11590325
546,RL,6361,Bandra,Apartment,SplitLevel,6,4,2016,2020,PConc,577.0,933,327,1260,2,0,4,7,0,2.0,370.0,Y,N,TA,12173674
547,RM,4452,Viman Nagar,1Fam,2Story,3,7,2001,2009,PConc,784.0,1214,307,1521,2,1,5,8,0,1.0,232.0,Y,Y,Ex,14090205
548,RM,7670,Bandra,Duplex,SplitLevel,3,9,2021,2024,CBlock,697.0,979,352,1331,3,0,4,8,1,1.0,169.0,N,Y,TA,13305009
549,RL,6016,Whitefield,Duplex,2Story,5,7,2016,2017,PConc,1853.0,2585,460,3045,1,1,3,5,2,3.0,630.0,Y,N,Gd,15041536
550,RL,6028,Whitefield,1Fam,2Story,9,7,2002,2014,CBlock,1157.0,1246,493,1739,2,0,3,6,2,1.0,157.0,Y,Y,TA,13503433
551,RL,7248,Powai,1Fam,2Story,10,6,2015,2019,PConc,651.0,709,471,1180,3,1,5,10,1,3.0,644.0,Y,Y,Fa,9138920
552,RL,5748,Koramangala,1Fam,1Story,8,7,1974,1981,PConc,1555.0,1372,889,2261,3,1,5,9,0,0.0,0.0,N,Y,TA,11549170
553,RM,7191,Malad,Duplex,2Story,7,5,2012,2012,BrkTil,1217.0,1145,1133,2278,2,1,5,9,0,2.0,399.0,Y,Y,TA,12647949
554,RL,5813,Saket,Apartment,SplitLevel,10,6,2017,2024,BrkTil,1287.0,1622,873,2495,1,1,2,5,0,1.0,171.0,N,Y,Ex,15973605
555,RL,5923,Powai,1Fam,1Story,7,3,2003,2014,CBlock,1629.0,2311,332,2643,3,0,5,10,0,1.0,197.0,Y,Y,Gd,15510671
556,RL,8985,Andheri,1Fam,2Story,3,7,2009,2019,PConc,799.0,1751,202,1953,1,1,5,8,2,2.0,340.0,Y,Y,Fa,9739119
557,RM,9189,Saket,Duplex,1Story,4,7,1980,1986,BrkTil,615.0,856,569,1425,1,1,5,8,0,0.0,0.0,Y,Y,TA,8106891
558,RM,3582,Indiranagar,1Fam,2Story,8,3,2019,2024,PConc,849.0,1467,31,1498,3,0,4,9,1,0.0,0.0,Y,Y,Ex,18486452
559,FV,8494,Sector17,Apartment,2Story,6,7,1972,1982,CBlock,1129.0,1091,362,1453,2,0,3,6,1,0.0,0.0,Y,Y,TA,10102994
560,RL,9797,Andheri,1Fam,SplitLevel,4,3,2002,2017,PConc,962.0,1339,59,1398,1,1,3,6,1,0.0,0.0,Y,Y,Ex,12833255
561,RL,10114,Andheri,1Fam,2Story,4,6,1980,1982,CBlock,,1893,326,2219,2,1,5,9,1,0.0,16.0,Y,Y,TA,9359833
562,RL,8040,Powai,Duplex,1Story,10,5,1985,2004,CBlock,,1377,223,1600,3,0,3,7,0,,603.0,N,Y,TA,13831738
563,RL,4885,Koramangala,1Fam,1Story,8,3,1987,2000,BrkTil,,1131,954,2085,1,1,4,6,2,1.0,,Y,Y,Gd,14620324
564,RL,8259,Powai,Duplex,2Story,9,4,1999,2001,CBlock,1248.0,1182,756,1938,2,1,3,6,0,1.0,174.0,Y,Y,Gd,14709361
565,RL,5261,Indiranagar,1Fam,1Story,3,3,2017,2017,BrkTil,764.0,529,521,1050,2,1,2,5,2,1.0,193.0,Y,Y,Gd,13176207
566,RL,6314,Viman Nagar,1Fam,2Story,3,7,1979,1993,CBlock,416.0,635,106,741,1,1,4,6,0,3.0,759.0,Y,Y,TA,7871546
567,FV,7766,Viman Nagar,Duplex,1Story,3,9,1987,1987,CBlock,479.0,659,322,981,2,1,3,6,2,2.0,388.0,Y,N,Gd,8765519
568,RM,5390,Koramangala,1Fam,SplitLevel,3,9,2007,2023,PConc,838.0,1238,148,1386,2,1,3,6,1,0.0,47.0,Y,Y,TA,10958555
569,RL,4707,Indiranagar,1Fam,1Story,10,6,1988,1989,PConc,1032.0,1116,551,1667,3,1,4,9,1,2.0,428.0,Y,Y,TA,12759429
570,RL,7931,Koramangala,Apartment,SplitLevel,7,8,2005,2024,CBlock,784.0,1159,116,1275,3,1,3,7,2,0.0,116.0,Y,Y,Gd,13288694
571,RL,10734,Bandra,Apartment,2Story,3,6,1982,1987,BrkTil,1221.0,1102,849,1951,2,1,3,7,2,,0.0,Y,Y,Gd,13775216
572,RL,9486,Viman Nagar,Apartment,1Story,7,8,2015,2022,PConc,1041.0,783,553,1336,2,0,5,8,2,2.0,322.0,Y,Y,TA,11751989
573,RL,8414,Andheri,Apartment,2Story,7,9,1972,1987,PConc,1314.0,1158,570,1728,1,0,2,4,1,,144.0,Y,N,Fa,7834099
574,RL,8958,Malad,1Fam,SplitLevel,9,9,1979,1997,PConc,1243.0,1167,491,1658,3,0,4,9,1,3.0,608.0,N,Y,Ex,12302574
575,FV,8275,Sector17,1Fam,2Story,3,3,2007,2007,BrkTil,1777.0,1663,804,2467,1,1,5,7,0,2.0,,Y,Y,Ex,13842604
576,RL,7899,Indiranagar,1Fam,1Story,5,5,1970,1972,PConc,864.0,980,132,1112,2,1,3,6,2,,93.0,N,Y,Gd,11670330
577,RL,8797,Saket,Apartment,SplitLevel,6,4,1996,1998,PConc,1188.0,1483,1221,2704,1,1,4,6,2,0.0,0.0,Y,Y,TA,10997606
578,C,4263,Koramangala,Duplex,1Story,4,6,2015,2019,PConc,658.0,879,423,1302,2,0,4,7,2,1.0,218.0,Y,Y,Gd,12103702
579,RL,7398,Sector17,1Fam,1Story,7,7,1977,1988,PConc,,853,76,929,3,0,2,6,1,0.0,0.0,Y,Y,Fa,7745716
580,RL,6838,Saket,Apartment,2Story,8,8,2020,2024,CBlock,,795,696,1491,3,1,2,6,2,0.0,57.0,Y,Y,Ex,13093992
581,RL,7157,Sector17,1Fam,1Story,8,7,2015,2024,BrkTil,1938.0,3127,93,3220,2,0,4,7,2,1.0,143.0,Y,Y,Ex,19815470
582,RM,6077,Malad,1Fam,2Story,6,5,2011,2023,PConc,1431.0,2032,15,2047,3,0,2,7,1,0.0,0.0,Y,Y,Ex,14768966
583,RL,8040,Saket,1Fam,2Story,8,8,1986,2005,PConc,866.0,1034,867,1901,2,1,2,5,2,3.0,580.0,Y,Y,TA,10487146
584,RL,5364,Powai,1Fam,2Story,5,6,1978,1986,BrkTil,1000.0,1289,708,1997,1,1,3,6,0,1.0,209.0,Y,Y,Ex,12904963
585,FV,5932,Whitefield,1Fam,1Story,8,3,1975,1981,BrkTil,841.0,833,382,1215,2,0,2,6,1,2.0,414.0,Y,Y,Gd,11769790
586,RL,5692,Powai,1Fam,2Story,4,7,2012,2015,PConc,821.0,1565,198,1763,1,1,2,5,1,0.0,79.0,Y,Y,Gd,12928355
587,RM,8727,Viman Nagar,Duplex,2Story,4,5,1994,2012,PConc,865.0,1277,324,1601,2,0,5,9,1,0.0,34.0,Y,Y,TA,10718157
588,C,6976,Whitefield,1Fam,2Story,7,6,2008,2024,BrkTil,1266.0,2058,446,2504,3,0,3,8,0,3.0,578.0,N,Y,Ex,18457098
589,RL,6078,Powai,Duplex,2Story,3,9,2018,2023,CBlock,834.0,1357,188,1545,2,0,3,7,1,3.0,630.0,Y,Y,TA,12028176
590,C,6253,Whitefield,1Fam,1Story,9,9,1997,2009,BrkTil,963.0,788,622,1410,2,1,4,8,1,2.0,,Y,Y,Gd,13924237
591,RM,7007,Whitefield,Apartment,2Story,5,6,2002,2012,PConc,556.0,932,85,1017,2,0,2,5,1,0.0,102.0,Y,N,Fa,8614545
592,FV,10244,Andheri,Duplex,2Story,7,6,2006,2018,CBlock,1038.0,1424,246,1670,3,0,5,9,1,2.0,392.0,Y,Y,TA,11586592
593,RL,4526,Koramangala,Apartment,2Story,5,6,1978,1990,CBlock,768.0,1377,369,1746,2,1,5,8,0,2.0,395.0,Y,Y,Gd,12082465
594,FV,8351,Koramangala,1Fam,2Story,3,8,1987,2006,BrkTil,721.0,943,56,999,3,1,3,8,2,,65.0,Y,Y,Fa,7808452
595,RL,7943,Andheri,1Fam,1Story,10,6,1990,2004,BrkTil,1000.0,1552,274,1826,2,0,2,5,2,2.0,300.0,Y,Y,Ex,13865240
596,RM,5234,Sector17,1Fam,1Story,8,7,1971,1983,PConc,1131.0,1031,685,1716,1,1,5,8,1,2.0,389.0,Y,Y,TA,10446536
597,RL,9933,Bandra,1Fam,2Story,8,5,2012,2022,CBlock,1453.0,1505,601,2106,2,1,4,8,0,3.0,634.0,Y,Y,Gd,16823407
598,RL,8078,Sector17,1Fam,1Story,9,8,2007,2024,PConc,1067.0,1647,559,2206,1,0,2,4,1,3.0,652.0,Y,Y,Gd,13383726
599,RL,5984,Saket,1Fam,1Story,3,6,2009,2016,CBlock,1241.0,868,779,1647,3,1,2,7,2,2.0,289.0,Y,Y,Ex,12104852
600,RL,3281,Saket,1Fam,2Story,7,4,2005,2024,CBlock,698.0,1056,25,1081,3,0,2,7,2,0.0,0.0,N,N,Gd,8850036
601,RL,7458,Whitefield,Apartment,2Story,9,4,2019,2024,BrkTil,676.0,668,516,1184,2,1,5,8,0,3.0,475.0,Y,Y,Ex,16731567
602,RL,6910,Powai,1Fam,1Story,3,5,2012,2021,PConc,1173.0,2105,376,2481,3,1,3,8,2,2.0,443.0,Y,N,TA,13334994
603,RL,4938,Powai,Apartment,SplitLevel,6,9,2006,2021,PConc,1306.0,1266,416,1682,2,0,3,6,1,1.0,210.0,Y,Y,Gd,13515978
604,RL,4912,Koramangala,1Fam,1Story,4,3,1984,2002,PConc,1736.0,1268,1205,2473,3,0,4,9,0,1.0,270.0,Y,Y,TA,13848310
605,RL,8737,Indiranagar,1Fam,2Story,9,3,1997,2007,PConc,893.0,1779,70,1849,1,1,5,8,2,2.0,401.0,N,N,TA,12162548
606,RL,3088,Sector17,1Fam,2Story,9,9,1987,1999,PConc,1057.0,1829,147,1976,3,1,2,6,1,1.0,312.0,Y,Y,TA,10468732
607,C,7628,Viman Nagar,Duplex,1Story,7,8,2003,2011,BrkTil,1497.0,1576,493,2069,1,1,4,6,0,3.0,552.0,Y,Y,TA,14363487
608,RM,6625,Malad,Duplex,SplitLevel,5,8,1991,2010,PConc,670.0,607,381,988,2,0,4,7,1,0.0,0.0,Y,Y,Ex,9965057
609,RL,7994,Powai,Duplex,1Story,6,8,1980,1998,CBlock,1238.0,983,770,1753,2,1,3,7,2,2.0,420.0,Y,Y,Ex,14664734
610,RL,6411,Malad,1Fam,1Story,7,3,1982,1997,BrkTil,565.0,668,313,981,2,0,2,6,1,3.0,564.0,N,Y,Gd,9227666
611,RM,7586,Whitefield,1Fam,2Story,3,4,1973,1979,BrkTil,1000.0,914,543,1457,1,1,2,4,0,0.0,20.0,Y,Y,Fa,9210753
612,RL,5514,Malad,1Fam,2Story,3,3,1991,2009,CBlock,1064.0,1446,474,1920,2,1,5,8,1,1.0,194.0,Y,Y,TA,9069613
613,RL,6901,Viman Nagar,1Fam,SplitLevel,3,7,1976,1987,PConc,526.0,1068,19,1087,2,1,5,8,2,1.0,191.0,Y,Y,TA,8984361
614,RL,7978,Andheri,Apartment,1Story,10,6,2012,2024,PConc,1227.0,1479,400,1879,1,1,5,8,0,1.0,193.0,Y,N,TA,10960043
615,FV,7301,Viman Nagar,Apartment,1Story,3,8,1993,2006,PConc,671.0,803,47,850,3,1,4,9,0,,235.0,Y,Y,Fa,8630410
616,RL,7760,Malad,1Fam,1Story,5,4,1973,1983,CBlock,1138.0,1792,379,2171,2,0,2,5,2,3.0,582.0,Y,Y,Gd,10899887
617,RM,5144,Viman Nagar,Duplex,2Story,6,5,1997,2006,CBlock,740.0,934,333,1267,3,0,3,7,1,3.0,544.0,Y,Y,Gd,12011846
618,RL,5818,Bandra,1Fam,2Story,8,5,1984,1994,CBlock,727.0,1007,79,1086,3,0,4,8,1,0.0,3.0,Y,Y,TA,12649096
619,RM,5853,Whitefield,1Fam,SplitLevel,4,6,1970,1975,BrkTil,543.0,648,234,882,2,1,4,8,2,2.0,368.0,Y,Y,TA,9548645
620,RL,6447,Sector17,1Fam,2Story,5,4,1972,1973,CBlock,965.0,1223,87,1310,2,0,3,6,0,0.0,0.0,Y,Y,TA,8123512
621,RL,9717,Andheri,1Fam,SplitLevel,5,3,1983,1993,BrkTil,455.0,417,229,646,1,0,3,5,2,2.0,313.0,N,N,TA,7290751
622,RL,6291,Powai,Duplex,SplitLevel,10,3,2007,2024,BrkTil,560.0,747,578,1325,1,1,5,7,0,1.0,246.0,Y,Y,TA,11762613
623,FV,4712,Saket,1Fam,1Story,8,7,2019,2024,PConc,1717.0,1993,156,2149,2,1,3,7,0,1.0,233.0,Y,Y,Gd,13464810
624,RL,8083,Sector17,Apartment,1Story,8,7,1970,1983,PConc,,1194,311,1505,3,0,3,8,1,1.0,270.0,Y,Y,TA,9621764
625,RL,9693,Saket,1Fam,1Story,4,3,2007,2024,PConc,753.0,954,57,1011,1,0,3,5,2,1.0,200.0,N,Y,TA,7804128
626,RM,4477,Whitefield,1Fam,1Story,4,5,2007,2012,CBlock,1131.0,1659,54,1713,1,0,3,6,0,3.0,653.0,Y,Y,Gd,12317047
627,RL,10945,Andheri,1Fam,2Story,8,8,1990,2006,CBlock,1238.0,878,790,1668,2,0,5,8,1,0.0,0.0,Y,Y,Gd,11603423
628,RL,7830,Koramangala,Duplex,1Story,3,5,2017,2024,PConc,1147.0,1934,644,2578,2,0,4,7,2,2.0,304.0,Y,N,TA,12288428
629,RL,9067,Powai,1Fam,1Story,5,7,1998,1998,BrkTil,1075.0,1371,624,1995,2,0,2,5,2,2.0,362.0,Y,Y,TA,12222171
630,RL,9934,Bandra,Duplex,1Story,7,6,1974,1976,PConc,1314.0,1424,328,1752,2,0,2,5,0,3.0,589.0,N,Y,Gd,13781169
631,RL,8945,Koramangala,1Fam,1Story,4,3,2018,2024,BrkTil,986.0,1840,212,2052,1,1,4,7,0,1.0,218.0,Y,Y,Ex,14591106
632,C,6778,Whitefield,1Fam,1Story,10,7,1979,1986,PConc,660.0,980,552,1532,1,0,2,4,0,0.0,64.0,Y,Y,TA,11297726
633,RL,9435,Sector17,1Fam,1Story,10,7,1997,2016,PConc,1117.0,1215,347,1562,1,1,2,4,2,1.0,216.0,Y,Y,Ex,13791536
634,C,7509,Bandra,1Fam,1Story,4,8,1990,2004,PConc,1783.0,2075,354,2429,3,1,4,9,0,3.0,712.0,Y,Y,Gd,16662209
635,RL,9180,Viman Nagar,Duplex,1Story,8,3,2019,2024,PConc,363.0,443,339,782,1,1,2,4,2,2.0,405.0,N,Y,TA,10933176
636,RL,9399,Malad,1Fam,2Story,6,8,1976,1986,PConc,,1889,194,2083,1,0,2,5,1,3.0,605.0,Y,Y,TA,10881606
637,RL,4818,Bandra,1Fam,1Story,7,3,1972,1978,CBlock,1041.0,1239,305,1544,2,0,4,7,2,2.0,416.0,Y,Y,Fa,10478971
638,RM,8588,Whitefield,1Fam,SplitLevel,7,8,2014,2017,PConc,884.0,1417,37,1454,1,1,2,4,0,0.0,18.0,Y,Y,Ex,15464799
639,RL,6636,Indiranagar,1Fam,2Story,4,5,2016,2024,CBlock,,886,437,1323,1,0,3,5,2,2.0,418.0,N,Y,Gd,14163068
640,RM,7276,Malad,Duplex,1Story,3,6,1989,1994,PConc,951.0,928,748,1676,1,0,4,6,0,0.0,0.0,N,N,Ex,10293193
641,RM,7254,Saket,Duplex,2Story,6,6,1988,2001,PConc,753.0,1188,390,1578,2,1,5,9,1,1.0,242.0,Y,Y,Ex,11074983
642,RL,7173,Powai,Duplex,1Story,7,3,2004,2015,CBlock,715.0,755,637,1392,1,0,2,4,0,1.0,325.0,N,Y,Ex,14072384
643,RL,10047,Saket,1Fam,1Story,4,4,1973,1983,PConc,751.0,1228,20,1248,1,1,5,8,0,3.0,555.0,N,Y,TA,6995478
644,RL,4267,Bandra,1Fam,2Story,10,9,1974,1992,CBlock,396.0,336,311,647,3,1,2,7,0,0.0,0.0,Y,Y,Gd,11537755
645,RM,3555,Saket,Duplex,SplitLevel,7,7,1970,1974,PConc,894.0,1085,153,1238,3,1,3,8,0,1.0,,N,Y,Fa,6510984
646,RL,3133,Whitefield,1Fam,SplitLevel,9,7,1973,1986,PConc,962.0,1024,319,1343,3,1,4,8,0,0.0,37.0,Y,Y,Ex,14913083
647,RM,9138,Viman Nagar,Duplex,2Story,6,3,1981,1996,PConc,1059.0,1146,529,1675,3,0,5,10,0,1.0,237.0,Y,Y,TA,11102471
648,RL,5453,Sector17,Duplex,1Story,6,8,1996,2008,CBlock,1838.0,1375,1206,2581,2,1,4,8,1,1.0,124.0,Y,Y,Fa,10940637
649,RM,7264,Powai,Duplex,1Story,9,4,2011,2024,PConc,615.0,1047,245,1292,3,0,5,10,1,2.0,334.0,Y,Y,Ex,15757742
650,RL,6770,Saket,1Fam,2Story,5,5,1992,1995,CBlock,456.0,862,226,1088,1,0,2,4,2,3.0,495.0,Y,Y,Gd,9094106
651,RL,5227,Saket,Apartment,2Story,10,8,1994,2004,BrkTil,930.0,795,447,1242,3,0,3,7,0,2.0,478.0,N,N,TA,8826002
652,FV,8702,Bandra,Duplex,1Story,9,8,1990,2006,PConc,721.0,1600,76,1676,2,0,5,9,2,0.0,,N,N,TA,12294439
653,RM,6745,Sector17,Duplex,SplitLevel,8,3,2021,2024,BrkTil,944.0,1234,660,1894,3,1,5,10,1,1.0,193.0,Y,Y,TA,11751064
654,RL,6524,Koramangala,1Fam,1Story,8,3,1993,2006,PConc,1331.0,1423,541,1964,3,1,3,7,1,3.0,581.0,Y,Y,Gd,13205171
655,RM,7465,Saket,1Fam,2Story,4,7,1994,2004,CBlock,1134.0,1553,460,2013,2,1,3,7,0,1.0,249.0,Y,Y,TA,10740809
656,RM,8441,Whitefield,1Fam,SplitLevel,6,3,2014,2022,CBlock,1564.0,1146,938,2084,2,1,3,7,0,1.0,233.0,Y,Y,TA,15237470
657,RL,5082,Indiranagar,1Fam,SplitLevel,5,3,2015,2024,PConc,758.0,1410,50,1460,2,1,3,7,2,2.0,430.0,Y,Y,Ex,16784305
658,RL,8745,Powai,1Fam,2Story,5,3,2001,2018,BrkTil,1062.0,1804,822,2626,2,0,3,6,1,0.0,0.0,Y,Y,Fa,12919670
659,RL,9899,Saket,Apartment,1Story,7,7,2001,2011,PConc,739.0,768,654,1422,2,1,4,8,2,3.0,634.0,Y,Y,TA,9602681
660,FV,4147,Whitefield,1Fam,1Story,7,5,1974,1988,PConc,1044.0,1147,507,1654,2,0,2,6,2,3.0,646.0,Y,N,Gd,11371279
661,RL,7556,Whitefield,1Fam,1Story,9,5,2005,2023,CBlock,1236.0,1797,450,2247,1,0,2,4,2,3.0,,Y,Y,TA,15782551
662,RL,6390,Powai,1Fam,2Story,5,9,2015,2015,BrkTil,1156.0,1425,458,1883,3,1,5,10,0,0.0,0.0,Y,Y,TA,12068374
663,RL,8398,Koramangala,1Fam,2Story,9,9,2011,2014,BrkTil,,508,92,600,3,0,3,7,1,3.0,543.0,N,Y,Ex,12664359
664,RL,4566,Whitefield,Apartment,2Story,10,3,2018,2024,PConc,1225.0,845,757,1602,2,0,4,7,2,0.0,86.0,Y,Y,Gd,14869203
665,RL,10257,Indiranagar,Duplex,1Story,9,9,2011,2024,CBlock,1027.0,1303,727,2030,2,1,4,7,1,3.0,697.0,Y,Y,TA,14654854
666,RL,3784,Whitefield,1Fam,1Story,7,7,2008,2010,PConc,542.0,844,84,928,1,1,5,8,1,1.0,196.0,Y,Y,TA,11274669
667,RL,6511,Whitefield,1Fam,2Story,6,5,1985,2001,PConc,1223.0,1066,909,1975,1,1,3,6,2,0.0,0.0,Y,Y,Fa,10915117
668,FV,7868,Whitefield,1Fam,SplitLevel,9,8,2002,2004,CBlock,1399.0,1665,130,1795,2,0,2,6,2,2.0,407.0,Y,N,Ex,14404152
669,FV,5627,Viman Nagar,1Fam,1Story,3,5,2018,2024,PConc,1751.0,1196,995,2191,1,1,3,6,0,3.0,628.0,Y,Y,Gd,16408311
670,RL,5313,Viman Nagar,1Fam,2Story,6,5,1990,2003,PConc,619.0,1150,104,1254,1,1,4,7,1,2.0,327.0,Y,Y,Gd,10226680
671,RL,7444,Koramangala,1Fam,1Story,5,7,1978,1997,BrkTil,1448.0,1426,671,2097,2,0,3,7,2,0.0,11.0,Y,Y,TA,11715008
672,C,7155,Saket,Duplex,2Story,5,9,1975,1987,CBlock,925.0,1353,326,1679,2,1,2,6,2,1.0,148.0,Y,Y,Gd,9659919
673,RL,7011,Whitefield,1Fam,SplitLevel,9,8,2020,2024,CBlock,1001.0,1431,1052,2483,2,0,2,6,1,2.0,398.0,Y,N,TA,14110422
674,RM,8717,Sector17,1Fam,1Story,6,7,2014,2024,PConc,1208.0,1595,1398,2993,2,0,5,8,2,2.0,355.0,Y,Y,Ex,18566843
675,C,6211,Saket,Duplex,1Story,7,3,2004,2022,BrkTil,1384.0,1440,929,2369,3,1,4,9,1,1.0,167.0,Y,Y,Ex,12478162
676,RM,7639,Koramangala,Apartment,1Story,7,6,2008,2013,PConc,1095.0,1037,803,1840,3,0,3,8,2,1.0,209.0,Y,Y,Fa,10153342
677,RL,5986,Andheri,Apartment,1Story,8,5,1991,2000,CBlock,1128.0,1811,949,2760,2,0,3,6,1,0.0,0.0,Y,Y,Gd,14035181
678,FV,5301,Saket,Duplex,2Story,5,6,2010,2024,CBlock,1282.0,1439,462,1901,1,1,5,8,2,3.0,545.0,N,Y,Fa,9928223
679,C,6430,Saket,1Fam,1Story,4,7,1974,1993,CBlock,593.0,910,236,1146,2,1,5,8,2,2.0,472.0,Y,Y,Gd,8048110
680,RM,6002,Malad,1Fam,1Story,8,7,2011,2016,PConc,985.0,1413,167,1580,3,1,5,10,0,,345.0,Y,Y,Ex,13180082
681,RL,6102,Bandra,Apartment,2Story,7,7,1992,2001,PConc,1030.0,1639,341,1980,1,0,4,7,1,0.0,0.0,N,N,TA,13092819
682,RM,9330,Malad,Apartment,2Story,6,6,1986,1992,CBlock,939.0,1618,394,2012,3,0,3,7,0,3.0,628.0,Y,Y,TA,9890813
683,RL,6491,Indiranagar,1Fam,1Story,10,7,1981,1997,PConc,,732,305,1037,2,1,5,8,2,0.0,0.0,Y,Y,Gd,12791504
684,RL,5674,Viman Nagar,1Fam,2Story,7,3,1992,2009,CBlock,519.0,775,278,1053,3,1,4,9,1,2.0,398.0,Y,Y,Ex,12975375
685,RL,7056,Viman Nagar,1Fam,2Story,6,7,1985,2001,PConc,877.0,1010,419,1429,3,1,3,7,1,2.0,407.0,Y,Y,TA,10523206
686,FV,7208,Bandra,Apartment,1Story,8,4,1972,1980,PConc,895.0,1719,148,1867,3,0,2,7,2,1.0,263.0,Y,Y,Ex,16796230
687,C,4626,Powai,1Fam,2Story,5,9,1999,2008,PConc,1165.0,1187,744,1931,1,1,5,8,2,1.0,293.0,Y,Y,TA,14015689
688,RM,6403,Powai,Duplex,2Story,7,6,1991,2000,PConc,773.0,839,831,1670,3,0,4,9,2,3.0,612.0,N,N,Gd,12302740
689,RL,6322,Koramangala,Apartment,1Story,9,4,1978,1984,CBlock,790.0,975,207,1182,1,1,3,6,2,,341.0,Y,Y,TA,9166860
690,RL,6655,Bandra,Duplex,2Story,6,7,1998,2013,PConc,1731.0,1483,985,2468,2,0,3,7,1,2.0,407.0,Y,Y,Gd,16548944
691,C,8451,Saket,1Fam,2Story,5,3,2016,2024,CBlock,472.0,1004,59,1063,2,0,5,9,0,1.0,229.0,Y,Y,TA,9388891
692,RL,7273,Powai,1Fam,2Story,10,5,2006,2011,PConc,1321.0,2092,159,2251,3,1,5,9,1,0.0,50.0,Y,Y,TA,13847991
693,C,9455,Whitefield,1Fam,2Story,10,8,1992,2011,PConc,843.0,1060,909,1969,1,0,3,5,1,0.0,6.0,Y,Y,Ex,15639689
694,RL,6976,Sector17,Duplex,2Story,4,9,1982,1982,PConc,1431.0,1239,1001,2240,2,0,4,7,1,2.0,371.0,N,Y,TA,11051321
695,RM,10552,Saket,1Fam,2Story,6,8,2001,2001,PConc,696.0,1029,348,1377,1,1,2,5,1,2.0,354.0,N,Y,Ex,10577879
696,C,6078,Indiranagar,1Fam,2Story,8,7,2015,2024,CBlock,933.0,1229,299,1528,1,1,3,5,2,3.0,594.0,Y,Y,Gd,15686830
697,RL,5460,Whitefield,1Fam,1Story,4,9,2021,2022,BrkTil,987.0,1037,590,1627,3,0,4,9,0,3.0,524.0,Y,N,Gd,12404719
698,RL,8094,Whitefield,1Fam,1Story,4,9,2016,2019,BrkTil,1047.0,1168,193,1361,3,0,5,9,1,1.0,219.0,N,Y,TA,12144894
699,RL,9728,Bandra,Apartment,1Story,3,3,2017,2024,CBlock,1060.0,1365,347,1712,1,0,3,6,1,2.0,408.0,Y,Y,Ex,17935399
700,FV,4242,Koramangala,Duplex,1Story,7,9,1992,1995,CBlock,1512.0,1582,807,2389,1,1,5,8,0,0.0,8.0,Y,Y,TA,12392066
701,RM,6606,Indiranagar,1Fam,1Story,6,6,2014,2024,BrkTil,533.0,487,464,951,3,0,2,7,2,3.0,635.0,Y,Y,TA,13004665
702,RM,5778,Powai,Apartment,1Story,4,4,1986,1989,CBlock,990.0,1112,159,1271,1,0,5,8,1,1.0,272.0,Y,Y,Gd,11295247
703,RL,7285,Bandra,Duplex,SplitLevel,3,4,2009,2009,CBlock,865.0,739,478,1217,3,1,2,7,2,1.0,196.0,Y,Y,Gd,13169018
704,RM,7020,Powai,Duplex,SplitLevel,8,4,1990,1996,CBlock,797.0,1423,129,1552,1,1,5,7,1,0.0,3.0,Y,Y,Gd,13882921
705,RM,9690,Bandra,Duplex,2Story,5,6,1971,1988,CBlock,1130.0,1087,445,1532,3,1,5,10,1,3.0,581.0,N,N,Ex,13820568
706,RL,6783,Bandra,Duplex,SplitLevel,9,8,2006,2014,CBlock,1137.0,1566,420,1986,1,1,2,4,0,0.0,27.0,Y,Y,Gd,15452175
707,FV,9749,Bandra,1Fam,SplitLevel,9,3,1975,1977,CBlock,1182.0,1513,103,1616,3,1,5,10,0,1.0,199.0,Y,Y,TA,11158545
708,RL,6369,Koramangala,1Fam,SplitLevel,6,9,2013,2020,CBlock,,1631,120,1751,1,0,4,7,2,2.0,457.0,Y,Y,TA,12835158
709,RL,8852,Bandra,Duplex,1Story,4,6,1987,2005,CBlock,855.0,1233,566,1799,2,0,5,9,1,0.0,56.0,Y,Y,Gd,13590890
710,RL,7457,Andheri,1Fam,1Story,9,4,1999,2002,PConc,1171.0,1040,682,1722,2,0,3,6,2,1.0,215.0,Y,Y,TA,11361588
711,RL,10459,Sector17,1Fam,2Story,7,7,1991,2008,CBlock,1007.0,1731,220,1951,1,1,5,8,0,2.0,396.0,Y,Y,Ex,13785603
712,RM,4045,Powai,1Fam,1Story,9,5,2002,2021,PConc,798.0,1102,436,1538,2,1,4,7,0,2.0,386.0,Y,Y,TA,15041443
713,RL,4672,Saket,1Fam,2Story,9,9,1999,2009,BrkTil,1256.0,1444,979,2423,1,1,3,6,0,3.0,624.0,N,Y,Fa,9351813
714,C,10663,Malad,1Fam,1Story,9,6,1986,1999,PConc,1980.0,2732,138,2870,1,0,4,6,0,3.0,624.0,N,Y,Gd,14858440
715,RL,5533,Indiranagar,1Fam,1Story,10,6,2012,2024,PConc,960.0,1169,784,1953,2,1,3,6,0,1.0,186.0,N,Y,TA,14248656
716,RL,5660,Viman Nagar,1Fam,1Story,3,3,2001,2016,CBlock,685.0,878,835,1713,1,1,5,7,2,0.0,,Y,Y,TA,11627054
717,RM,5248,Koramangala,1Fam,2Story,4,3,2011,2013,CBlock,1311.0,975,937,1912,3,1,4,9,2,2.0,361.0,Y,Y,TA,13342228
718,RM,9296,Saket,Apartment,2Story,7,6,2020,2024,PConc,491.0,850,199,1049,1,0,5,8,0,3.0,622.0,Y,Y,Gd,9600853
719,RL,4493,Whitefield,Duplex,2Story,4,4,1983,1986,PConc,746.0,1404,286,1690,1,1,3,5,1,3.0,565.0,Y,Y,Ex,13499456
720,FV,7044,Andheri,1Fam,1Story,10,5,1979,1983,BrkTil,610.0,808,426,1234,2,1,4,8,1,0.0,38.0,N,Y,Gd,9929580
721,RM,6468,Viman Nagar,1Fam,2Story,6,9,2016,2024,PConc,1023.0,1223,631,1854,3,0,2,7,1,3.0,584.0,Y,Y,Gd,14039100
722,RL,9073,Malad,Duplex,2Story,6,3,2020,2024,PConc,729.0,827,409,1236,1,1,4,7,1,1.0,283.0,Y,N,TA,9411850
723,RL,5872,Saket,Duplex,2Story,6,9,2005,2020,CBlock,596.0,1198,229,1427,1,1,5,7,1,0.0,1.0,Y,Y,Gd,9919136
724,RL,7830,Viman Nagar,1Fam,1Story,8,4,2003,2016,CBlock,523.0,351,313,664,1,1,2,4,0,2.0,411.0,N,Y,TA,10269726
725,C,4657,Saket,Apartment,1Story,9,9,1978,1993,CBlock,,977,36,1013,1,0,2,5,2,1.0,130.0,Y,Y,Ex,10262805
726,RL,11547,Andheri,Duplex,1Story,8,7,2011,2017,CBlock,940.0,1086,691,1777,1,1,3,5,0,2.0,470.0,Y,Y,Gd,13431461
727,RL,6520,Malad,Apartment,2Story,3,3,1997,2005,BrkTil,614.0,1164,1,1165,1,1,2,5,1,2.0,398.0,N,Y,TA,8366209
728,RL,7017,Whitefield,1Fam,1Story,6,4,1980,1983,BrkTil,1234.0,1248,883,2131,3,0,2,7,1,3.0,686.0,Y,Y,Ex,16294356
729,RL,10309,Bandra,1Fam,1Story,10,4,1983,1993,CBlock,730.0,994,129,1123,3,0,3,7,2,1.0,202.0,Y,Y,TA,13434817
730,RM,5826,Powai,1Fam,1Story,7,5,2008,2009,PConc,837.0,1116,710,1826,1,1,4,6,0,1.0,189.0,Y,Y,Gd,13540415
731,RM,10334,Whitefield,1Fam,2Story,4,5,2016,2024,PConc,579.0,658,561,1219,1,0,5,8,2,0.0,0.0,Y,Y,Gd,12362204
732,RL,6177,Bandra,1Fam,2Story,9,7,1988,1999,CBlock,1332.0,1679,113,1792,2,1,4,8,1,1.0,232.0,Y,Y,Ex,18806832
733,RL,8343,Koramangala,1Fam,2Story,5,4,1984,1987,CBlock,418.0,773,59,832,3,0,2,7,1,0.0,26.0,Y,N,Gd,8894046
734,RL,5854,Sector17,Duplex,2Story,7,8,1997,2014,PConc,758.0,963,410,1373,3,1,5,9,2,1.0,133.0,N,Y,Fa,8788077
735,RM,4287,Indiranagar,1Fam,1Story,9,4,1993,1999,CBlock,880.0,1001,175,1176,1,1,4,6,1,2.0,371.0,Y,Y,Ex,16097655
736,C,7829,Indiranagar,1Fam,1Story,8,5,1977,1977,BrkTil,1357.0,1588,453,2041,3,1,5,10,0,0.0,36.0,Y,Y,TA,13695856
737,RL,8279,Powai,Apartment,1Story,8,8,2012,2024,PConc,982.0,1696,135,1831,3,0,2,7,1,1.0,167.0,Y,Y,Gd,14862314
738,RL,4368,Malad,1Fam,1Story,7,3,1978,1983,CBlock,662.0,646,337,983,2,0,4,7,1,0.0,0.0,Y,Y,TA,8309677
739,RL,6385,Andheri,1Fam,SplitLevel,8,3,2016,2021,CBlock,610.0,1141,357,1498,2,1,5,9,0,3.0,609.0,Y,Y,Gd,12080943
740,FV,9401,Malad,1Fam,2Story,6,9,2002,2013,PConc,842.0,900,313,1213,3,1,5,9,1,3.0,604.0,Y,Y,Fa,8548761
741,RL,8200,Andheri,Apartment,2Story,3,6,2002,2009,CBlock,1234.0,1404,671,2075,3,1,4,8,2,0.0,0.0,Y,Y,TA,11085829
742,RL,6209,Malad,Apartment,1Story,4,5,1988,2006,PConc,1620.0,2113,122,2235,3,1,4,9,2,0.0,88.0,Y,Y,Fa,9210171
743,RL,5804,Sector17,1Fam,1Story,3,6,1972,1976,CBlock,687.0,512,367,879,1,0,2,5,1,2.0,392.0,N,N,TA,7065227
744,RL,10896,Koramangala,Apartment,1Story,9,8,1979,1996,CBlock,1550.0,1156,857,2013,2,0,3,6,0,1.0,136.0,Y,Y,Gd,12052822
745,RM,4106,Koramangala,1Fam,2Story,4,5,2009,2013,CBlock,907.0,936,252,1188,1,1,5,8,0,,519.0,Y,Y,Fa,9282915
746,RL,6881,Bandra,Duplex,1Story,10,7,2016,2024,PConc,890.0,1220,253,1473,2,0,4,7,2,3.0,651.0,Y,Y,Fa,13109511
747,RL,4070,Viman Nagar,1Fam,1Story,4,4,2011,2011,PConc,879.0,965,651,1616,2,0,4,7,1,1.0,145.0,Y,Y,Ex,15439550
748,RM,9629,Koramangala,1Fam,2Story,3,7,1970,1979,CBlock,1469.0,1743,765,2508,2,0,4,7,0,3.0,601.0,Y,Y,Fa,10533723
749,RL,6985,Koramangala,1Fam,SplitLevel,7,8,1998,2002,PConc,742.0,1068,30,1098,3,1,5,10,0,3.0,556.0,Y,N,TA,9599569
750,RL,7356,Whitefield,1Fam,1Story,4,5,2019,2024,PConc,1520.0,1257,760,2017,2,1,2,6,2,0.0,0.0,Y,Y,Fa,11066055
751,RL,12537,Whitefield,Duplex,1Story,10,8,2003,2009,PConc,489.0,845,169,1014,1,0,3,6,2,3.0,617.0,N,Y,Fa,10058217
752,RM,5813,Bandra,1Fam,1Story,10,4,2020,2024,CBlock,751.0,851,128,979,2,0,5,8,0,3.0,531.0,Y,N,TA,12212572
753,RL,10497,Viman Nagar,1Fam,2Story,10,3,1982,1993,CBlock,1171.0,1168,446,1614,1,1,2,4,2,3.0,577.0,Y,N,TA,11350267
754,FV,6218,Powai,Duplex,1Story,3,3,1970,1970,BrkTil,1274.0,1559,51,1610,2,1,5,8,0,1.0,166.0,Y,Y,Ex,13155447
755,RL,6532,Whitefield,1Fam,2Story,4,8,2003,2013,PConc,451.0,520,80,600,2,1,5,8,1,2.0,,Y,Y,Ex,12567294
756,RL,12276,Powai,1Fam,2Story,5,6,1998,2012,PConc,1115.0,1588,591,2179,3,0,4,9,2,0.0,0.0,Y,Y,Ex,16810063
757,C,6677,Saket,Duplex,1Story,7,5,2017,2018,CBlock,265.0,470,130,600,1,0,2,5,2,2.0,368.0,Y,N,Ex,8647570
758,C,4251,Whitefield,Apartment,1Story,6,5,2016,2024,CBlock,679.0,1292,235,1527,2,0,4,8,1,3.0,643.0,N,Y,Gd,14206388
759,RL,7563,Sector17,1Fam,1Story,4,3,1982,1988,PConc,1168.0,1801,462,2263,2,1,4,7,0,3.0,564.0,N,Y,TA,11338557
760,FV,6654,Viman Nagar,1Fam,1Story,10,9,2017,2024,PConc,1745.0,2539,165,2704,1,1,2,4,0,3.0,622.0,Y,Y,Gd,17183256
761,RL,7734,Bandra,1Fam,1Story,5,7,2018,2024,PConc,1023.0,962,456,1418,2,1,4,8,2,2.0,420.0,Y,Y,TA,13500806
762,RM,6732,Saket,1Fam,2Story,6,9,2022,2024,CBlock,670.0,573,310,883,3,1,4,8,0,1.0,124.0,Y,N,TA,8176895
763,RL,11431,Viman Nagar,1Fam,2Story,6,4,1998,2004,PConc,1458.0,1362,883,2245,1,1,3,6,0,1.0,174.0,Y,Y,TA,12993205
764,RL,8113,Sector17,1Fam,1Story,9,7,2008,2018,BrkTil,817.0,1054,978,2032,3,0,2,6,1,0.0,0.0,N,N,Gd,11964524
765,RL,4850,Viman Nagar,Duplex,2Story,4,7,1993,2010,CBlock,642.0,706,649,1355,1,0,2,4,1,2.0,413.0,N,Y,Gd,12300552
766,RL,7249,Sector17,1Fam,1Story,3,8,1995,2006,PConc,568.0,1208,84,1292,1,0,4,6,1,1.0,188.0,Y,N,Ex,10847537
767,RL,5400,Sector17,Duplex,2Story,4,3,1986,1991,PConc,676.0,1041,200,1241,1,1,4,6,2,0.0,52.0,Y,Y,Gd,9425957
768,RL,6504,Powai,1Fam,2Story,5,9,1976,1980,PConc,856.0,1184,243,1427,2,0,2,5,1,3.0,605.0,Y,Y,TA,9433536
769,FV,5179,Malad,1Fam,2Story,6,9,1982,1982,CBlock,,1419,339,1758,1,1,2,5,1,3.0,622.0,Y,N,Gd,9715825
770,RL,11214,Saket,1Fam,1Story,4,3,1974,1985,CBlock,709.0,1216,100,1316,1,0,5,8,0,0.0,0.0,N,Y,TA,7349553
771,RL,5617,Viman Nagar,1Fam,2Story,3,9,1995,2005,PConc,650.0,1021,359,1380,1,0,2,5,1,1.0,223.0,Y,Y,Gd,11252496
772,RM,8375,Andheri,1Fam,2Story,9,3,2018,2021,CBlock,1264.0,1795,125,1920,3,1,5,9,2,2.0,496.0,Y,Y,Ex,15405535
773,RL,6353,Saket,Duplex,1Story,4,8,1972,1989,CBlock,502.0,583,275,858,1,0,4,7,1,0.0,26.0,Y,Y,TA,6205645
774,RL,4683,Malad,Duplex,2Story,7,6,1976,1979,PConc,844.0,1360,52,1412,2,0,3,7,2,1.0,255.0,Y,N,Gd,8812786
775,RL,7395,Saket,Duplex,2Story,9,7,2018,2024,PConc,435.0,647,115,762,1,0,3,5,0,0.0,0.0,Y,Y,TA,8273382
776,RL,7801,Koramangala,1Fam,1Story,3,8,2008,2009,PConc,1294.0,1039,615,1654,1,0,5,7,0,1.0,246.0,N,Y,TA,11496898
777,FV,8117,Andheri,1Fam,1Story,5,5,2022,2023,PConc,306.0,492,138,630,3,0,4,9,1,3.0,650.0,Y,Y,Ex,10820994
778,RL,2000,Malad,Duplex,2Story,6,4,1970,1981,PConc,1240.0,1567,478,2045,2,0,4,8,0,0.0,12.0,Y,Y,TA,9509173
779,RL,4530,Powai,1Fam,1Story,4,6,2018,2023,PConc,654.0,535,407,942,2,0,4,8,1,2.0,396.0,Y,Y,TA,11118690
780,RL,8915,Viman Nagar,Duplex,1Story,3,5,1986,1995,PConc,444.0,567,146,713,2,1,2,6,0,,0.0,Y,Y,TA,8698904
781,RL,5152,Indiranagar,Duplex,1Story,9,7,2012,2024,BrkTil,1094.0,932,486,1418,1,0,4,7,2,3.0,598.0,Y,Y,Ex,18211568
782,RL,7405,Malad,Duplex,1Story,7,9,1994,2007,PConc,1353.0,1291,1164,2455,1,1,2,4,0,3.0,,Y,N,TA,11072776
783,RM,4483,Bandra,1Fam,1Story,3,3,1972,1978,PConc,1144.0,1904,51,1955,2,0,5,9,1,1.0,161.0,Y,Y,Ex,16723313
784,RM,8463,Viman Nagar,Apartment,1Story,8,7,1984,2002,CBlock,277.0,523,115,638,2,1,3,7,1,3.0,536.0,Y,Y,Gd,10279063
785,C,8862,Malad,Duplex,1Story,10,8,1998,2014,PConc,597.0,870,58,928,3,1,5,10,1,1.0,205.0,Y,Y,Gd,10933840
786,RL,8463,Koramangala,1Fam,2Story,7,4,2022,2024,PConc,722.0,1174,228,1402,2,0,4,8,2,3.0,611.0,Y,Y,Gd,13069945
787,RL,9065,Indiranagar,Duplex,1Story,9,8,2012,2024,PConc,1261.0,1844,875,2719,1,1,4,7,0,1.0,132.0,Y,Y,Gd,18772470
788,FV,10127,Koramangala,1Fam,1Story,5,6,2001,2005,BrkTil,698.0,854,276,1130,1,1,5,8,1,2.0,402.0,Y,Y,Ex,13355993
789,RL,4651,Indiranagar,1Fam,1Story,6,6,1995,1999,PConc,695.0,950,184,1134,1,0,2,4,2,1.0,214.0,N,Y,Gd,13280505
790,FV,5422,Bandra,Apartment,1Story,9,4,1985,1994,BrkTil,1016.0,2316,47,2363,3,1,2,6,2,1.0,266.0,Y,N,Ex,15610280
791,C,8795,Viman Nagar,1Fam,1Story,10,5,1994,2003,CBlock,1152.0,1063,634,1697,2,0,2,5,2,2.0,376.0,Y,Y,TA,10473099
792,FV,9260,Powai,1Fam,1Story,5,5,1997,2003,CBlock,1380.0,1993,133,2126,1,1,3,6,0,1.0,304.0,Y,Y,Ex,16616893
793,RL,5651,Koramangala,1Fam,2Story,4,6,1978,1992,CBlock,587.0,1189,47,1236,3,1,3,8,0,1.0,202.0,N,N,TA,8729720
794,RL,5512,Koramangala,1Fam,1Story,3,6,1970,1976,PConc,910.0,1293,256,1549,3,1,4,8,0,2.0,339.0,Y,Y,TA,10088601
795,RM,5695,Sector17,1Fam,1Story,8,9,1998,2012,PConc,1553.0,2179,78,2257,1,1,5,8,2,3.0,583.0,Y,N,Gd,12528825
796,RM,3789,Indiranagar,Apartment,2Story,7,3,1991,1993,PConc,934.0,1067,460,1527,3,0,5,10,0,0.0,0.0,Y,Y,Gd,13253009
797,RL,4457,Whitefield,1Fam,1Story,7,9,1985,2003,PConc,1206.0,2110,51,2161,3,0,4,9,1,1.0,191.0,N,Y,Gd,15101319
798,RM,4505,Viman Nagar,Duplex,2Story,3,9,2010,2019,BrkTil,948.0,1526,267,1793,1,0,2,4,2,3.0,623.0,N,Y,Fa,10484464
799,RL,6411,Indiranagar,Duplex,2Story,8,5,2020,2024,CBlock,695.0,562,518,1080,3,0,3,7,0,0.0,13.0,N,Y,TA,12784999
800,RL,7541,Sector17,1Fam,1Story,3,4,2013,2015,PConc,1234.0,1516,75,1591,1,0,5,7,2,2.0,343.0,N,Y,Fa,8942181
801,C,7866,Saket,1Fam,SplitLevel,4,5,2020,2024,CBlock,1397.0,1551,539,2090,1,1,4,7,2,1.0,,N,Y,Gd,12314143
802,RL,5982,Indiranagar,1Fam,SplitLevel,10,3,2010,2021,BrkTil,831.0,1412,522,1934,3,0,2,6,0,,220.0,Y,Y,TA,14523223
803,RL,6032,Powai,Apartment,1Story,5,8,1976,1990,BrkTil,922.0,1236,343,1579,1,1,2,4,2,2.0,432.0,Y,Y,Gd,11304640
804,RL,7247,Viman Nagar,1Fam,SplitLevel,9,6,1983,1988,CBlock,,375,279,654,1,0,3,5,0,1.0,175.0,Y,Y,TA,8425029
805,RL,4007,Sector17,1Fam,2Story,7,6,1998,2010,PConc,307.0,515,187,702,2,0,3,7,0,0.0,0.0,Y,Y,Ex,10462036
806,RL,8918,Saket,Apartment,SplitLevel,4,3,1988,2006,PConc,642.0,739,69,808,1,0,4,6,0,0.0,0.0,Y,N,TA,6884080
807,RL,9570,Andheri,Duplex,2Story,5,9,1988,1990,PConc,1047.0,682,662,1344,2,0,4,7,2,2.0,449.0,Y,Y,TA,9437038
808,RL,5748,Sector17,Duplex,2Story,4,4,1971,1978,PConc,608.0,898,513,1411,2,1,2,6,2,1.0,163.0,Y,N,TA,7626111
809,C,6203,Andheri,Apartment,1Story,8,6,2010,2017,PConc,666.0,432,430,862,2,0,2,5,0,3.0,582.0,Y,Y,Gd,11065019
810,FV,9486,Viman Nagar,1Fam,1Story,7,7,2014,2024,BrkTil,1151.0,1494,617,2111,2,1,5,9,2,1.0,227.0,Y,Y,TA,12931049
811,RL,6753,Koramangala,Duplex,1Story,9,9,1984,1998,BrkTil,714.0,836,132,968,3,1,2,7,0,2.0,384.0,Y,Y,Gd,11227187
812,RL,8176,Sector17,1Fam,1Story,3,6,1972,1975,CBlock,518.0,822,92,914,3,0,4,8,1,3.0,669.0,Y,Y,TA,7499642
813,RL,6815,Bandra,1Fam,SplitLevel,3,7,1980,1998,CBlock,947.0,1598,46,1644,1,1,3,5,2,,0.0,Y,N,TA,10287146
814,RM,10112,Andheri,1Fam,1Story,5,3,2022,2024,CBlock,1363.0,1677,409,2086,1,1,4,6,2,0.0,,N,Y,Gd,13956698
815,RM,7980,Powai,1Fam,2Story,9,3,2015,2024,PConc,1864.0,1647,980,2627,1,0,5,8,1,3.0,659.0,Y,Y,TA,15674098
816,FV,8095,Bandra,1Fam,1Story,10,9,1999,2006,BrkTil,781.0,1819,72,1891,3,1,5,9,1,3.0,602.0,N,Y,Ex,18679167
817,RL,8132,Malad,1Fam,1Story,6,6,2009,2024,PConc,1522.0,2120,269,2389,2,0,3,6,1,2.0,346.0,Y,Y,Ex,16111556
818,RM,5889,Malad,1Fam,2Story,8,5,1987,1999,CBlock,471.0,781,212,993,3,0,4,8,0,,223.0,Y,Y,Gd,9686396
819,RL,6073,Saket,1Fam,1Story,5,7,2020,2022,PConc,1442.0,2271,408,2679,3,1,5,10,0,0.0,0.0,Y,Y,TA,12252540
820,FV,8538,Koramangala,Duplex,SplitLevel,6,4,2017,2024,BrkTil,360.0,643,26,669,1,1,4,7,1,1.0,142.0,Y,Y,TA,10050265
821,RL,7252,Viman Nagar,1Fam,1Story,4,6,1971,1979,CBlock,792.0,1154,194,1348,1,1,5,8,0,0.0,4.0,Y,Y,TA,9706172
822,RL,4644,Sector17,1Fam,1Story,8,4,2001,2014,CBlock,1003.0,1286,594,1880,1,1,3,5,2,1.0,192.0,Y,Y,Gd,12634435
823,RM,10746,Whitefield,Duplex,1Story,4,6,1977,1989,PConc,353.0,682,115,797,2,1,5,8,1,0.0,0.0,N,Y,TA,9599448
824,C,8956,Powai,1Fam,1Story,10,5,1991,1997,PConc,520.0,590,546,1136,2,1,4,8,2,1.0,147.0,N,Y,Gd,13153415
825,RL,7075,Andheri,Apartment,1Story,9,5,1975,1989,CBlock,436.0,732,325,1057,3,1,4,8,0,2.0,493.0,N,Y,TA,9506681
826,RL,6452,Viman Nagar,Apartment,1Story,7,9,1981,1987,PConc,849.0,1015,429,1444,2,0,5,8,1,0.0,4.0,N,N,Gd,10652880
827,RL,7397,Bandra,1Fam,2Story,8,9,2016,2021,BrkTil,1805.0,1347,963,2310,1,0,2,5,0,2.0,467.0,Y,Y,TA,16129219
828,RL,8035,Malad,Apartment,1Story,6,5,2009,2010,CBlock,717.0,822,786,1608,2,0,3,7,2,0.0,,Y,Y,Ex,12873671
829,RL,2933,Powai,Duplex,1Story,10,8,2005,2013,PConc,1064.0,775,593,1368,2,1,3,7,0,0.0,61.0,Y,Y,Fa,10534523
830,FV,11224,Whitefield,1Fam,2Story,7,5,1984,2000,PConc,416.0,496,104,600,2,1,5,8,2,0.0,27.0,Y,Y,TA,9869163
831,RL,5420,Sector17,Duplex,1Story,3,3,1997,2001,CBlock,1200.0,1651,182,1833,2,1,5,8,0,1.0,152.0,Y,Y,TA,10170824
832,RM,6996,Saket,Duplex,1Story,6,3,2021,2024,PConc,1312.0,1983,12,1995,1,0,2,4,2,0.0,30.0,N,Y,Gd,11378313
833,RM,7069,Whitefield,1Fam,2Story,5,8,2018,2018,PConc,547.0,504,245,749,1,0,3,6,0,,352.0,Y,Y,Ex,15359989
834,C,10993,Powai,Duplex,2Story,3,7,2014,2023,PConc,693.0,1252,314,1566,3,0,2,7,1,1.0,246.0,N,Y,Gd,13239621
835,FV,6823,Whitefield,1Fam,2Story,10,4,1987,1997,PConc,1020.0,1642,54,1696,3,1,3,7,1,1.0,210.0,Y,Y,Gd,14598966
836,RM,10177,Powai,Apartment,2Story,3,6,1971,1986,PConc,1413.0,1214,868,2082,3,0,5,10,0,,0.0,Y,Y,TA,11452864
837,RL,7813,Powai,Apartment,1Story,5,6,1982,1995,PConc,,1062,175,1237,2,0,3,7,2,3.0,578.0,Y,N,Gd,10996152
838,RL,5076,Indiranagar,Duplex,1Story,8,8,2014,2021,CBlock,851.0,1019,143,1162,2,1,3,6,0,1.0,239.0,N,N,Gd,12968035
839,RL,7269,Andheri,1Fam,1Story,3,3,1984,2000,CBlock,588.0,746,625,1371,1,0,3,6,1,0.0,0.0,N,Y,Gd,9745498
840,RL,6762,Malad,1Fam,SplitLevel,9,9,1989,2006,CBlock,1516.0,2086,156,2242,3,0,2,6,2,2.0,304.0,Y,Y,TA,11356027
841,RL,4831,Indiranagar,Duplex,1Story,6,6,1998,2009,PConc,1301.0,1922,199,2121,1,0,2,5,0,3.0,514.0,Y,Y,Gd,16623085
842,RM,7715,Sector17,Apartment,2Story,7,3,2011,2024,BrkTil,876.0,821,768,1589,3,1,3,7,0,1.0,136.0,Y,Y,Fa,9926275
843,RL,7044,Indiranagar,Apartment,2Story,3,7,1998,2011,CBlock,1130.0,1150,959,2109,3,0,4,9,2,3.0,639.0,Y,Y,Ex,16273647
844,RL,8112,Koramangala,Apartment,1Story,6,4,1972,1987,PConc,388.0,314,286,600,3,1,2,6,0,1.0,243.0,N,Y,TA,8519096
845,FV,7386,Koramangala,1Fam,1Story,4,7,1988,2001,CBlock,1509.0,1331,664,1995,2,1,5,9,1,3.0,616.0,Y,Y,TA,11182825
846,RL,5697,Malad,Apartment,1Story,6,8,1972,1980,PConc,622.0,784,256,1040,3,0,5,10,1,3.0,615.0,Y,N,Gd,7818952
847,RL,8536,Whitefield,1Fam,1Story,7,5,1983,1986,PConc,1812.0,1902,581,2483,3,0,3,8,2,2.0,472.0,Y,N,TA,12984367
848,RM,5751,Andheri,1Fam,1Story,6,5,2009,2019,BrkTil,598.0,676,391,1067,2,1,5,9,0,3.0,,N,Y,Gd,9582833
849,RM,2000,Malad,1Fam,1Story,5,5,1973,1978,PConc,517.0,1121,52,1173,3,1,2,7,0,2.0,431.0,Y,N,TA,7437103
850,RL,7257,Powai,Apartment,2Story,10,7,2021,2024,CBlock,798.0,1286,595,1881,2,1,4,7,1,0.0,0.0,Y,Y,TA,13921821
851,RM,5891,Bandra,Apartment,SplitLevel,7,6,1980,1984,PConc,811.0,1008,921,1929,2,1,4,7,2,1.0,176.0,Y,Y,Ex,15972751
852,RL,7764,Andheri,1Fam,2Story,10,4,2000,2010,BrkTil,759.0,894,482,1376,1,1,4,6,2,2.0,385.0,Y,Y,TA,11234660
853,RL,10997,Andheri,1Fam,2Story,8,5,2012,2024,PConc,954.0,1366,419,1785,2,0,5,9,2,1.0,302.0,Y,Y,TA,13514149
854,RL,11055,Powai,Apartment,1Story,10,8,2001,2013,PConc,1269.0,1300,547,1847,2,1,3,6,1,2.0,345.0,N,Y,TA,12672167
855,RM,6669,Powai,1Fam,1Story,4,8,1996,2006,CBlock,1252.0,1143,653,1796,2,0,5,9,1,1.0,215.0,N,N,Gd,13206004
856,RL,5346,Saket,1Fam,1Story,5,5,1999,2012,CBlock,587.0,790,607,1397,3,1,3,8,2,2.0,324.0,Y,Y,Ex,11961429
857,RM,8169,Malad,1Fam,1Story,8,5,2012,2024,CBlock,,1684,168,1852,1,0,4,6,2,1.0,169.0,Y,Y,Gd,12042889
858,RL,6259,Powai,Duplex,2Story,6,4,1971,1989,CBlock,1173.0,2298,5,2303,3,1,2,6,0,0.0,,N,Y,Fa,10562652
859,C,7783,Koramangala,Apartment,SplitLevel,7,5,2018,2024,PConc,610.0,656,331,987,2,0,5,9,0,1.0,109.0,Y,Y,Fa,9008008
860,C,5678,Sector17,1Fam,1Story,4,4,1978,1986,PConc,539.0,814,365,1179,2,0,2,6,2,0.0,45.0,Y,Y,Gd,9107154
861,RL,7501,Bandra,1Fam,1Story,5,8,1997,2004,CBlock,731.0,1304,309,1613,1,1,4,6,1,0.0,102.0,Y,Y,Gd,12885729
862,RL,5376,Malad,1Fam,1Story,8,5,2000,2019,CBlock,,920,151,1071,1,1,3,5,1,0.0,18.0,Y,Y,TA,8604636
863,RM,9368,Viman Nagar,1Fam,1Story,8,7,2003,2003,PConc,503.0,485,213,698,2,0,2,6,0,3.0,663.0,Y,Y,TA,10096651
864,RL,5820,Koramangala,1Fam,2Story,4,9,1984,1987,CBlock,1013.0,2043,103,2146,2,0,5,9,2,1.0,212.0,N,Y,TA,11510031
865,RL,8322,Whitefield,Apartment,2Story,9,7,2017,2024,BrkTil,337.0,468,132,600,3,0,2,6,1,3.0,635.0,N,Y,Ex,15346372
866,RL,4470,Powai,Duplex,2Story,6,8,1994,1995,CBlock,758.0,1013,385,1398,2,1,2,6,1,3.0,622.0,Y,Y,Ex,14370876
867,RL,8562,Viman Nagar,Apartment,2Story,4,4,2005,2020,PConc,1417.0,1629,350,1979,3,1,5,10,1,1.0,174.0,Y,Y,Gd,14072543
868,RL,5067,Powai,Apartment,1Story,8,7,1977,1979,PConc,,1692,41,1733,1,1,3,5,1,0.0,0.0,Y,Y,Ex,14269060
869,RL,7522,Andheri,1Fam,SplitLevel,3,4,1978,1985,PConc,634.0,1261,145,1406,3,1,5,9,0,3.0,659.0,Y,N,TA,8608472
870,RM,9046,Koramangala,1Fam,2Story,5,7,2006,2011,PConc,731.0,546,505,1051,2,0,4,8,1,3.0,597.0,Y,Y,Gd,11576795
871,RL,6600,Andheri,1Fam,1Story,4,7,2017,2024,PConc,989.0,1179,592,1771,3,1,3,8,1,2.0,392.0,Y,N,TA,10309522
872,RL,4941,Saket,1Fam,1Story,9,4,2014,2024,PConc,,812,293,1105,3,1,2,6,2,1.0,191.0,N,N,Ex,10862298
873,FV,7993,Andheri,1Fam,2Story,8,6,2008,2014,PConc,952.0,1138,594,1732,1,1,5,8,2,3.0,615.0,Y,N,TA,10112725
874,RM,5318,Saket,1Fam,1Story,6,7,2001,2013,PConc,1000.0,1419,251,1670,3,1,4,8,0,1.0,140.0,N,Y,TA,10347042
875,RL,6191,Saket,1Fam,2Story,10,5,2021,2024,PConc,899.0,1529,146,1675,2,1,5,9,0,,190.0,Y,Y,Gd,10896120
876,RL,7530,Viman Nagar,1Fam,1Story,8,9,1986,1990,PConc,635.0,1107,172,1279,3,0,3,7,0,3.0,615.0,Y,Y,Gd,11348857
877,RL,9721,Powai,1Fam,2Story,6,8,2004,2023,PConc,1463.0,2603,14,2617,3,1,4,9,0,1.0,136.0,Y,Y,TA,15063011
878,RL,7053,Whitefield,1Fam,2Story,4,6,2006,2023,PConc,725.0,1131,648,1779,3,0,2,7,1,0.0,10.0,N,N,TA,11090054
879,FV,7045,Andheri,1Fam,2Story,6,4,1988,2002,PConc,,1368,92,1460,2,1,3,7,2,3.0,555.0,Y,Y,Ex,11824131
880,RM,8475,Koramangala,1Fam,SplitLevel,7,6,2013,2024,BrkTil,811.0,1529,203,1732,3,1,4,8,1,3.0,615.0,Y,N,TA,10340990
881,FV,7100,Saket,Duplex,SplitLevel,7,3,1998,1999,CBlock,506.0,825,387,1212,2,1,3,6,1,3.0,,Y,Y,Fa,7184841
882,C,8271,Powai,1Fam,2Story,7,3,1976,1985,PConc,,1219,187,1406,3,1,2,6,1,2.0,393.0,Y,Y,TA,10421280
883,RL,9157,Bandra,Apartment,1Story,9,7,1997,2009,BrkTil,1983.0,1542,1253,2795,1,0,4,7,2,2.0,346.0,N,Y,TA,17530389
884,RM,6344,Malad,1Fam,1Story,9,7,1978,1995,PConc,882.0,1087,129,1216,1,0,5,8,0,2.0,411.0,Y,Y,Gd,9054417
885,C,2000,Viman Nagar,1Fam,1Story,3,5,1997,2011,CBlock,932.0,1195,366,1561,1,1,5,7,0,2.0,423.0,N,Y,Gd,12331342
886,RL,5364,Whitefield,1Fam,1Story,9,9,1975,1986,PConc,661.0,885,486,1371,2,0,2,5,2,3.0,553.0,Y,Y,TA,10800444
887,RL,9417,Indiranagar,1Fam,SplitLevel,10,8,1998,2012,CBlock,750.0,894,186,1080,2,0,4,8,2,0.0,0.0,Y,Y,TA,11657353
888,RL,6932,Viman Nagar,1Fam,SplitLevel,4,6,1986,1998,PConc,1230.0,1485,325,1810,2,1,2,6,0,1.0,153.0,Y,Y,Gd,11614569
889,RL,6321,Bandra,Duplex,1Story,8,3,1985,2002,PConc,806.0,978,640,1618,3,0,2,7,1,1.0,197.0,Y,Y,Fa,11896160
890,RM,9333,Malad,1Fam,1Story,8,7,1992,2006,PConc,1564.0,1058,997,2055,2,0,3,7,0,3.0,577.0,N,Y,Gd,11799313
891,RM,6797,Bandra,1Fam,1Story,3,8,2000,2010,BrkTil,885.0,1437,568,2005,2,1,5,8,2,0.0,,Y,Y,Fa,12509142
892,FV,2814,Andheri,1Fam,1Story,9,6,1972,1990,PConc,1625.0,1608,442,2050,2,1,2,5,0,1.0,225.0,Y,Y,TA,11096430
893,RM,3989,Saket,1Fam,1Story,10,7,1990,1992,PConc,848.0,1069,71,1140,2,0,3,7,0,0.0,5.0,Y,Y,TA,8292602
894,C,7837,Whitefield,Duplex,2Story,6,7,1995,2001,PConc,1296.0,1851,69,1920,1,1,2,5,0,3.0,512.0,Y,Y,TA,12526120
895,RL,6866,Sector17,Duplex,2Story,3,3,2005,2018,CBlock,1498.0,1476,456,1932,3,1,2,7,2,2.0,431.0,Y,Y,TA,12737948
896,RL,9909,Saket,1Fam,SplitLevel,10,3,2011,2024,PConc,,954,135,1089,1,1,2,4,2,0.0,98.0,Y,Y,Ex,11491941
897,FV,5533,Sector17,1Fam,1Story,6,7,2006,2018,CBlock,685.0,1036,404,1440,3,0,5,9,0,1.0,243.0,N,Y,Ex,12785185
898,RM,6380,Malad,1Fam,1Story,10,4,2022,2024,PConc,502.0,760,111,871,3,1,4,9,0,1.0,167.0,Y,Y,TA,10402854
899,RM,5230,Powai,1Fam,SplitLevel,6,7,1991,1999,CBlock,828.0,1165,769,1934,1,1,5,8,1,1.0,193.0,Y,Y,Fa,11182009
900,RL,5958,Indiranagar,1Fam,1Story,5,8,2011,2011,PConc,1073.0,1324,608,1932,2,0,3,7,1,2.0,422.0,N,Y,TA,13744688
901,RM,3216,Koramangala,1Fam,1Story,10,7,1981,1999,PConc,1612.0,1891,424,2315,1,0,4,7,0,0.0,69.0,Y,Y,Gd,14861119
902,C,6228,Saket,1Fam,1Story,8,5,2011,2021,BrkTil,823.0,755,730,1485,3,0,3,8,2,0.0,0.0,Y,Y,Gd,10879806
903,RL,6896,Whitefield,1Fam,2Story,7,9,1982,2000,CBlock,971.0,1571,254,1825,3,0,2,7,1,1.0,176.0,Y,Y,TA,13877260
904,RM,6727,Bandra,1Fam,2Story,9,5,1980,1997,BrkTil,1335.0,1920,173,2093,2,0,4,7,0,0.0,0.0,Y,Y,TA,13114196
905,RL,11299,Whitefield,1Fam,SplitLevel,6,5,1985,1996,CBlock,915.0,855,368,1223,1,1,3,5,1,1.0,193.0,Y,Y,Fa,9063773
906,RL,10666,Malad,1Fam,1Story,5,4,1977,1977,PConc,480.0,830,317,1147,3,0,2,6,1,0.0,39.0,Y,N,Gd,8261549
907,RM,5498,Sector17,1Fam,2Story,10,4,2009,2024,CBlock,686.0,1145,93,1238,1,1,3,6,1,2.0,413.0,N,Y,Gd,11701237
908,RL,2912,Bandra,1Fam,2Story,8,7,2009,2024,CBlock,660.0,1265,160,1425,2,0,3,7,2,2.0,330.0,Y,Y,Gd,16599229
909,RL,6801,Koramangala,1Fam,1Story,7,5,2014,2024,PConc,789.0,749,415,1164,2,1,5,9,0,3.0,567.0,Y,Y,TA,11399287
910,RM,7753,Koramangala,1Fam,SplitLevel,6,4,1971,1975,PConc,557.0,834,426,1260,3,1,2,6,2,3.0,568.0,Y,Y,Gd,10814565
911,RM,5279,Saket,1Fam,2Story,10,3,1999,2001,PConc,,1712,328,2040,2,0,5,9,2,3.0,489.0,N,N,Gd,10606722
912,RL,5378,Malad,Duplex,SplitLevel,10,7,1999,2000,PConc,,1212,339,1551,3,0,4,8,1,0.0,46.0,N,Y,Gd,11154166
913,FV,10165,Powai,1Fam,SplitLevel,6,8,1981,1983,PConc,840.0,1018,735,1753,3,0,2,7,0,2.0,406.0,Y,N,TA,9475980
914,RL,6484,Malad,Duplex,1Story,3,9,1979,1986,BrkTil,1025.0,867,457,1324,2,0,5,9,1,2.0,372.0,Y,Y,Ex,10646091
915,FV,8324,Sector17,1Fam,2Story,3,6,2013,2024,CBlock,525.0,1226,65,1291,2,0,5,9,2,2.0,445.0,Y,Y,Gd,10551385
916,RM,5139,Whitefield,Duplex,1Story,8,7,1980,1985,CBlock,1001.0,1470,272,1742,1,0,4,6,2,,215.0,Y,Y,Ex,16199403
917,RL,6886,Koramangala,1Fam,2Story,7,6,1984,1996,PConc,679.0,1651,12,1663,1,1,3,5,0,0.0,0.0,Y,N,Fa,8181290
918,RL,6327,Whitefield,Apartment,2Story,6,5,1985,2000,PConc,1179.0,1756,232,1988,3,1,3,7,2,0.0,30.0,Y,Y,Ex,15108773
919,RL,5649,Whitefield,Duplex,2Story,8,9,1986,2001,CBlock,1350.0,2184,66,2250,1,1,3,6,2,,668.0,Y,Y,TA,14229935
920,RL,9310,Whitefield,1Fam,1Story,8,6,1995,1997,CBlock,662.0,762,492,1254,3,1,4,8,0,1.0,193.0,Y,Y,TA,10865244
921,RM,4222,Koramangala,1Fam,2Story,4,5,1971,1983,CBlock,919.0,1798,232,2030,2,1,5,9,1,1.0,196.0,Y,Y,TA,11265382
922,RL,7600,Viman Nagar,1Fam,1Story,10,3,2019,2024,BrkTil,583.0,540,520,1060,2,0,2,6,0,2.0,,Y,Y,TA,11177828
923,RL,6289,Andheri,Apartment,1Story,9,6,1981,1988,PConc,1763.0,2202,434,2636,1,0,4,6,2,3.0,539.0,Y,Y,Gd,13856027
924,RM,7829,Sector17,1Fam,2Story,10,9,2020,2024,PConc,859.0,885,321,1206,3,1,3,7,0,0.0,7.0,Y,Y,Gd,11884347
925,RL,6316,Viman Nagar,1Fam,1Story,3,7,1995,2002,PConc,1190.0,1309,636,1945,3,1,3,8,1,1.0,155.0,Y,Y,Gd,12909995
926,RL,8734,Sector17,1Fam,1Story,7,5,1992,2000,PConc,671.0,983,73,1056,1,0,2,5,2,2.0,399.0,N,N,TA,8491098
927,RL,5120,Bandra,1Fam,1Story,10,7,1987,1987,PConc,731.0,1412,111,1523,3,0,4,9,1,0.0,8.0,Y,Y,Fa,10581673
928,RM,9315,Malad,1Fam,1Story,6,9,2001,2006,BrkTil,1221.0,1212,1160,2372,3,0,3,8,1,2.0,426.0,Y,N,Fa,8378282
929,RM,6942,Malad,1Fam,1Story,8,4,2018,2024,BrkTil,553.0,958,233,1191,2,0,4,7,0,0.0,28.0,Y,Y,TA,10064796
930,RM,4342,Indiranagar,1Fam,2Story,6,5,2007,2017,BrkTil,1350.0,1847,855,2702,3,1,5,9,1,2.0,353.0,Y,Y,Fa,13388391
931,RL,8360,Malad,1Fam,2Story,4,6,2016,2024,BrkTil,782.0,1130,467,1597,3,1,4,8,0,0.0,9.0,Y,N,Fa,7472667
932,RL,6602,Koramangala,Duplex,1Story,7,5,1972,1984,BrkTil,1268.0,1911,176,2087,3,0,5,10,0,3.0,647.0,Y,N,TA,10959614
933,RL,3584,Powai,Duplex,1Story,8,7,2007,2017,BrkTil,1125.0,1179,622,1801,1,0,2,5,1,,0.0,Y,Y,Gd,14409352
934,RL,7664,Saket,1Fam,1Story,6,3,1972,1989,CBlock,1422.0,1775,53,1828,1,1,5,8,0,0.0,87.0,Y,Y,Gd,9345299
935,RL,9013,Indiranagar,Apartment,2Story,3,5,1999,2013,PConc,423.0,522,364,886,1,1,5,7,0,0.0,0.0,Y,Y,Fa,9093444
936,RL,9564,Saket,1Fam,1Story,9,6,1970,1970,PConc,895.0,1133,230,1363,3,1,2,7,1,2.0,481.0,Y,Y,TA,8279766
937,RL,6243,Sector17,1Fam,1Story,4,4,1999,2005,PConc,1597.0,1836,361,2197,3,0,3,8,2,1.0,152.0,N,Y,TA,11355460
938,C,7290,Saket,Duplex,1Story,7,8,2014,2024,PConc,890.0,893,534,1427,1,1,2,4,0,0.0,0.0,Y,Y,Ex,14096024
939,RL,7101,Saket,Duplex,1Story,4,3,2001,2012,CBlock,837.0,1105,564,1669,1,0,4,6,0,0.0,0.0,Y,N,Ex,10392767
940,RL,9979,Indiranagar,Apartment,2Story,3,4,1997,2014,PConc,417.0,757,69,826,3,0,2,7,1,3.0,531.0,N,Y,Gd,12141510
941,FV,5379,Bandra,1Fam,1Story,7,5,1990,2008,PConc,553.0,1172,159,1331,3,0,4,8,0,0.0,34.0,Y,Y,Ex,17691780
942,RL,6070,Whitefield,1Fam,1Story,4,7,2015,2024,PConc,1128.0,1436,725,2161,2,1,3,7,1,3.0,637.0,Y,Y,Fa,12585814
943,RL,5330,Malad,1Fam,1Story,5,9,1982,1989,PConc,668.0,734,224,958,1,1,4,6,2,0.0,30.0,Y,Y,Gd,9194956
944,FV,4101,Malad,1Fam,SplitLevel,3,7,1996,2014,PConc,,1039,919,1958,3,0,2,7,2,2.0,387.0,Y,Y,TA,10414089
945,FV,7495,Koramangala,1Fam,2Story,3,6,2005,2014,PConc,823.0,1020,668,1688,1,1,2,4,1,1.0,164.0,Y,N,Ex,12945500
946,RL,10202,Indiranagar,1Fam,1Story,3,7,1976,1982,PConc,1011.0,1100,382,1482,1,0,3,5,2,1.0,254.0,Y,Y,Ex,13578468
947,RM,6603,Koramangala,1Fam,1Story,5,3,1991,2008,PConc,1041.0,792,668,1460,1,1,2,4,1,1.0,,Y,Y,Gd,12290500
948,RL,5236,Powai,1Fam,SplitLevel,5,7,1979,1994,CBlock,788.0,1247,107,1354,2,0,3,6,0,2.0,362.0,Y,N,Fa,8888029
949,RM,7373,Powai,1Fam,1Story,6,6,2008,2024,PConc,950.0,1201,198,1399,3,0,3,8,2,3.0,,Y,Y,TA,13526244
950,FV,8178,Koramangala,1Fam,SplitLevel,8,8,2022,2024,CBlock,1145.0,2005,59,2064,3,1,2,7,0,1.0,116.0,Y,N,TA,11556090
951,RL,6687,Indiranagar,1Fam,1Story,9,5,1984,1992,PConc,641.0,1171,212,1383,1,1,5,7,0,2.0,405.0,Y,Y,Fa,11323792
952,C,9807,Koramangala,1Fam,1Story,4,9,1984,1996,PConc,1399.0,2428,75,2503,3,0,4,9,1,2.0,432.0,Y,Y,Fa,10331862
953,RM,5375,Malad,1Fam,2Story,6,5,1973,1980,CBlock,1105.0,1359,390,1749,2,1,5,8,2,0.0,0.0,Y,Y,Gd,9834503
954,RL,6426,Viman Nagar,Apartment,2Story,4,7,2001,2016,PConc,1021.0,1048,263,1311,1,0,3,5,2,3.0,635.0,Y,N,Gd,10490343
955,RM,7591,Andheri,1Fam,SplitLevel,9,4,1992,2004,PConc,891.0,2061,25,2086,2,0,4,8,0,,440.0,Y,N,Gd,11350462
956,RL,7785,Saket,Apartment,2Story,8,5,1975,1987,BrkTil,1152.0,1569,342,1911,2,0,5,9,0,3.0,613.0,Y,Y,Ex,10959016
957,RL,7094,Andheri,1Fam,1Story,5,8,1993,2009,CBlock,410.0,397,375,772,3,0,2,7,1,1.0,288.0,Y,Y,Gd,9424459
958,FV,4443,Indiranagar,1Fam,2Story,8,7,1989,2008,PConc,652.0,932,150,1082,3,0,5,10,2,1.0,267.0,Y,N,Gd,11807617
959,RL,11676,Andheri,1Fam,2Story,5,9,2006,2010,BrkTil,631.0,1469,73,1542,2,0,4,8,1,1.0,231.0,Y,Y,Ex,12604020
960,RL,6528,Powai,1Fam,2Story,9,6,1989,2005,BrkTil,424.0,725,83,808,3,0,4,9,1,0.0,17.0,N,Y,TA,10187516
961,C,7220,Sector17,1Fam,1Story,8,8,1981,1989,PConc,,2094,551,2645,2,0,4,8,1,0.0,,Y,Y,TA,11434763
962,FV,8233,Saket,1Fam,1Story,6,7,2002,2003,CBlock,1249.0,1680,331,2011,2,1,4,7,2,3.0,567.0,Y,N,Gd,10281716
963,C,5726,Whitefield,1Fam,1Story,7,8,1997,2014,CBlock,924.0,1585,8,1593,1,1,5,8,1,3.0,639.0,Y,Y,TA,13486350
964,RL,7113,Indiranagar,1Fam,2Story,6,5,1977,1985,PConc,734.0,778,650,1428,2,0,2,5,2,0.0,0.0,Y,Y,TA,11021609
965,RL,5645,Saket,Duplex,1Story,4,9,1970,1975,CBlock,674.0,1083,217,1300,2,0,2,6,1,,349.0,N,N,Gd,7001815
966,RL,7831,Andheri,1Fam,1Story,6,6,2006,2016,PConc,341.0,395,222,617,3,0,4,9,0,3.0,559.0,N,Y,TA,9161358
967,RL,6447,Powai,1Fam,2Story,9,7,1991,1996,CBlock,538.0,601,132,733,1,1,2,4,1,3.0,,Y,Y,Gd,10385406
968,FV,7537,Bandra,Duplex,1Story,3,3,1975,1980,CBlock,2006.0,2049,501,2550,3,0,5,9,1,1.0,287.0,Y,Y,Ex,17369805
969,RM,4906,Viman Nagar,Duplex,2Story,4,6,1990,2002,PConc,1373.0,1376,1010,2386,1,0,2,4,2,3.0,642.0,N,N,Gd,12875810
970,RL,5342,Whitefield,Apartment,SplitLevel,8,3,2001,2011,BrkTil,,791,521,1312,3,0,3,7,0,,601.0,N,Y,Gd,13494364
971,RL,4269,Viman Nagar,1Fam,1Story,4,8,2004,2017,CBlock,1516.0,1664,389,2053,2,1,2,6,0,2.0,420.0,Y,Y,Ex,15369573
972,FV,5578,Saket,Duplex,1Story,7,4,1984,1985,BrkTil,1057.0,1045,808,1853,1,1,4,7,2,3.0,626.0,Y,Y,Gd,9598710
973,C,2000,Powai,Apartment,1Story,5,6,1974,1981,PConc,1186.0,1209,703,1912,1,1,2,4,2,2.0,,Y,Y,Fa,9383540
974,RL,6385,Powai,1Fam,2Story,8,8,2015,2017,PConc,436.0,813,74,887,1,0,2,4,0,1.0,141.0,Y,N,TA,10158203
975,RM,5931,Andheri,1Fam,2Story,10,3,2019,2021,CBlock,484.0,461,234,695,1,0,2,5,2,0.0,52.0,Y,Y,TA,9936964
976,RL,7301,Malad,Apartment,1Story,4,5,2017,2017,PConc,1342.0,1630,561,2191,3,1,2,7,0,1.0,132.0,N,Y,TA,11583723
977,RM,7089,Andheri,Apartment,1Story,8,5,1975,1993,PConc,441.0,592,18,610,3,0,3,7,1,2.0,399.0,N,Y,TA,7891525
978,RM,9514,Malad,1Fam,2Story,8,4,1994,2011,CBlock,1086.0,935,590,1525,1,1,5,8,1,2.0,363.0,Y,Y,Ex,12699665
979,RM,12188,Malad,1Fam,1Story,8,6,2015,2024,PConc,688.0,983,433,1416,1,1,4,7,0,3.0,611.0,Y,N,Fa,7797419
980,RL,9275,Whitefield,Duplex,2Story,5,6,2009,2024,PConc,939.0,1099,270,1369,1,0,4,6,0,3.0,587.0,Y,Y,TA,12644901
981,RL,6093,Andheri,1Fam,2Story,10,6,1998,2010,PConc,1265.0,1542,215,1757,3,0,2,6,1,,26.0,Y,Y,Gd,13353937
982,RL,6013,Bandra,1Fam,2Story,9,8,1976,1978,PConc,,1198,63,1261,1,0,5,7,1,2.0,284.0,Y,Y,TA,11388476
983,FV,8737,Koramangala,Apartment,SplitLevel,6,9,2009,2009,PConc,842.0,1721,76,1797,1,0,2,4,0,2.0,456.0,Y,Y,TA,11357127
984,FV,3633,Koramangala,Duplex,1Story,8,9,1982,1985,PConc,669.0,1483,187,1670,1,1,3,6,2,1.0,236.0,Y,Y,Ex,12950147
985,C,6369,Andheri,Apartment,1Story,3,4,2007,2019,PConc,1537.0,1626,1023,2649,3,1,5,9,2,0.0,50.0,Y,N,Gd,13554470
986,FV,6523,Andheri,1Fam,2Story,9,6,1987,2003,CBlock,490.0,464,443,907,2,1,5,9,0,1.0,244.0,Y,Y,Ex,12861305
987,RM,8168,Viman Nagar,1Fam,1Story,7,8,1971,1981,PConc,1003.0,1116,498,1614,2,1,5,9,2,3.0,615.0,N,Y,TA,11105728
988,RL,8227,Whitefield,Apartment,2Story,5,5,1977,1978,CBlock,862.0,1035,780,1815,3,1,5,10,1,3.0,567.0,Y,Y,Ex,14387623
989,RM,5510,Andheri,1Fam,SplitLevel,4,3,1980,1995,PConc,1094.0,1257,214,1471,2,1,2,6,1,1.0,221.0,Y,N,Gd,8904427
990,RL,6171,Viman Nagar,Duplex,SplitLevel,5,8,2002,2003,CBlock,468.0,773,158,931,1,0,3,5,2,,614.0,Y,Y,Ex,11613085
991,RL,7890,Malad,1Fam,2Story,4,9,2007,2024,BrkTil,1092.0,1162,1066,2228,1,1,5,8,0,1.0,243.0,N,Y,TA,11462774
992,RL,5402,Powai,1Fam,SplitLevel,5,9,2017,2024,CBlock,1047.0,1623,145,1768,3,0,4,8,1,,431.0,Y,Y,Fa,10981111
993,RL,9412,Powai,1Fam,1Story,4,5,1996,2011,CBlock,579.0,603,363,966,3,0,4,9,1,2.0,404.0,Y,Y,TA,11073661
994,RM,8218,Malad,1Fam,1Story,8,5,1989,2007,PConc,884.0,1302,517,1819,2,1,3,6,1,3.0,621.0,Y,Y,Ex,12742291
995,RL,7343,Indiranagar,1Fam,1Story,6,3,1981,1989,PConc,1246.0,2043,407,2450,2,1,4,8,2,0.0,26.0,Y,N,TA,13415199
996,RL,7781,Viman Nagar,1Fam,1Story,4,5,2012,2012,BrkTil,739.0,1129,452,1581,1,0,2,5,0,2.0,454.0,Y,Y,TA,10978899
997,RM,6066,Viman Nagar,1Fam,1Story,10,4,2000,2009,CBlock,,1151,447,1598,3,0,2,6,2,3.0,686.0,Y,Y,TA,13431334
998,RM,5747,Malad,1Fam,SplitLevel,4,3,1996,2014,CBlock,1687.0,1270,1114,2384,2,1,3,6,0,0.0,29.0,Y,Y,TA,11806883
999,RL,6150,Bandra,Duplex,2Story,3,5,2001,2001,BrkTil,651.0,780,334,1114,2,1,5,8,0,3.0,626.0,N,Y,Gd,13609022
1000,RL,7999,Sector17,1Fam,2Story,4,7,1979,1980,PConc,1688.0,2173,290,2463,1,0,4,6,2,1.0,188.0,Y,Y,Ex,13561452
1001,RL,7402,Saket,Duplex,1Story,3,8,1972,1987,CBlock,1448.0,1997,89,2086,1,1,4,7,1,3.0,582.0,Y,Y,Ex,11213280
1002,RM,6154,Malad,1Fam,1Story,7,5,2014,2024,PConc,517.0,803,334,1137,1,1,3,6,0,1.0,163.0,Y,Y,Fa,8537543
1003,RM,8499,Andheri,1Fam,SplitLevel,8,4,1996,2003,CBlock,994.0,900,365,1265,1,1,3,6,2,2.0,240.0,N,Y,TA,11149569
1004,RL,6652,Andheri,1Fam,2Story,3,6,2004,2021,PConc,973.0,1138,199,1337,2,1,4,8,1,2.0,358.0,Y,Y,TA,9487473
1005,FV,5613,Whitefield,Duplex,2Story,6,5,2000,2001,BrkTil,329.0,663,20,683,3,1,5,10,0,3.0,,Y,Y,TA,10708701
1006,RL,7508,Malad,1Fam,SplitLevel,9,9,1984,1996,CBlock,820.0,1096,634,1730,3,0,3,7,0,,0.0,Y,Y,TA,10324147
1007,RL,4973,Whitefield,1Fam,2Story,8,9,1985,1990,PConc,522.0,835,325,1160,1,1,2,4,1,3.0,622.0,Y,Y,Gd,12030519
1008,RL,3625,Malad,1Fam,2Story,3,9,1982,1987,CBlock,795.0,1569,179,1748,1,1,4,7,0,3.0,559.0,Y,Y,Ex,11797211
1009,RL,6989,Viman Nagar,Apartment,1Story,8,6,2018,2024,CBlock,667.0,767,187,954,2,0,3,6,2,2.0,361.0,N,N,Fa,8536950
1010,FV,5685,Saket,Apartment,1Story,10,9,2004,2019,PConc,1211.0,1144,917,2061,1,0,3,6,0,2.0,294.0,Y,Y,Fa,10176582
1011,RL,6491,Viman Nagar,1Fam,2Story,8,7,2021,2024,PConc,1403.0,1601,367,1968,3,1,3,8,0,3.0,623.0,Y,Y,TA,13503941
1012,RL,5066,Sector17,1Fam,1Story,8,5,1980,1986,PConc,871.0,739,508,1247,1,1,4,6,1,,355.0,Y,N,TA,7532477
1013,RL,9417,Powai,Apartment,2Story,7,9,1990,1999,PConc,1141.0,1343,436,1779,3,0,2,7,2,1.0,164.0,Y,Y,Gd,12705709
1014,RL,5677,Koramangala,1Fam,1Story,6,3,2020,2024,CBlock,1106.0,1254,387,1641,1,1,2,4,1,3.0,628.0,N,Y,Ex,15452886
1015,RL,6136,Malad,1Fam,1Story,5,6,1980,1999,PConc,953.0,2196,145,2341,1,1,4,7,2,2.0,355.0,Y,Y,Gd,12239074
1016,RL,7755,Sector17,1Fam,1Story,5,7,1999,2016,PConc,568.0,791,292,1083,3,1,3,7,1,3.0,619.0,Y,Y,TA,10104330
1017,RL,4246,Powai,Apartment,1Story,3,3,2017,2024,CBlock,997.0,974,549,1523,2,0,4,8,0,2.0,339.0,Y,Y,TA,12502635
1018,RL,4098,Indiranagar,Duplex,SplitLevel,8,3,2022,2024,BrkTil,516.0,787,492,1279,2,1,4,8,2,1.0,198.0,Y,Y,TA,12511491
1019,RM,7761,Saket,1Fam,1Story,3,3,2004,2018,CBlock,670.0,1520,102,1622,1,1,3,5,2,1.0,169.0,Y,Y,Ex,10744061
1020,RM,6110,Whitefield,1Fam,2Story,7,3,1991,1994,CBlock,1382.0,1092,774,1866,1,0,4,7,0,3.0,586.0,N,Y,Gd,14167861
1021,RL,5197,Whitefield,Apartment,1Story,7,5,2007,2014,PConc,858.0,908,366,1274,3,1,5,10,1,1.0,,Y,N,Fa,9712028
1022,RL,8206,Viman Nagar,1Fam,1Story,4,9,2000,2008,PConc,717.0,841,576,1417,3,1,2,6,2,1.0,118.0,Y,Y,Ex,14515815
1023,C,5376,Andheri,1Fam,1Story,10,8,1983,1995,PConc,1406.0,1846,237,2083,1,1,5,7,0,2.0,471.0,Y,Y,TA,11343775
1024,RL,6450,Powai,1Fam,SplitLevel,7,5,1993,2001,CBlock,1633.0,1679,599,2278,3,1,5,9,0,3.0,554.0,N,Y,TA,13314061
1025,RL,5207,Indiranagar,Duplex,1Story,4,5,2019,2022,PConc,964.0,1247,599,1846,2,0,5,9,2,2.0,443.0,Y,Y,TA,13728585
1026,RM,7606,Sector17,1Fam,2Story,6,7,2018,2024,PConc,634.0,1041,490,1531,2,0,4,7,2,2.0,453.0,Y,Y,Fa,9553660
1027,RM,9664,Saket,Duplex,1Story,3,7,2001,2016,BrkTil,1146.0,1373,110,1483,3,1,3,7,2,0.0,21.0,Y,Y,Gd,9125280
1028,RL,3277,Powai,1Fam,1Story,9,9,2005,2019,PConc,,1455,419,1874,3,1,4,8,0,1.0,139.0,Y,Y,TA,13825656
1029,RL,7225,Indiranagar,1Fam,2Story,6,8,2001,2003,BrkTil,758.0,1471,242,1713,3,1,2,7,1,2.0,413.0,N,Y,Ex,16397507
1030,RL,8713,Koramangala,1Fam,2Story,7,7,1984,2003,BrkTil,462.0,735,40,775,2,1,4,7,1,2.0,527.0,Y,Y,Gd,10907461
1031,C,6157,Malad,Duplex,2Story,6,9,2012,2016,PConc,1334.0,1793,93,1886,1,0,4,7,2,2.0,400.0,Y,Y,Gd,12585532
1032,RL,4737,Whitefield,1Fam,1Story,6,9,2004,2008,BrkTil,,776,393,1169,3,0,4,9,0,1.0,194.0,Y,Y,Gd,13306948
1033,RL,7841,Sector17,1Fam,1Story,10,4,1972,1991,PConc,452.0,869,22,891,3,0,4,8,0,1.0,,Y,Y,Fa,7981948
1034,RL,9003,Whitefield,1Fam,1Story,10,8,1985,1999,BrkTil,,392,373,765,3,1,5,10,2,1.0,225.0,Y,Y,TA,11003939
1035,RL,8781,Sector17,Duplex,SplitLevel,10,7,1974,1991,PConc,1187.0,1026,465,1491,1,1,3,6,0,3.0,595.0,N,Y,Gd,9861247
1036,RL,7731,Viman Nagar,Duplex,1Story,6,8,1990,2004,CBlock,522.0,1034,57,1091,3,1,2,7,0,2.0,414.0,Y,Y,Ex,13328927
1037,RL,7195,Andheri,1Fam,SplitLevel,7,5,1979,1980,CBlock,378.0,382,218,600,3,0,2,7,0,1.0,185.0,Y,Y,Gd,8934373
1038,RL,5201,Sector17,1Fam,1Story,9,5,1988,2000,CBlock,1093.0,903,517,1420,2,0,2,6,2,2.0,348.0,Y,N,TA,9386944
1039,RM,8730,Whitefield,1Fam,2Story,8,8,1994,1997,CBlock,621.0,881,473,1354,3,0,4,8,2,3.0,716.0,N,Y,TA,10713546
1040,RL,8619,Viman Nagar,1Fam,1Story,6,4,1973,1982,BrkTil,1202.0,1229,296,1525,2,0,2,5,2,0.0,0.0,Y,Y,Gd,12092628
1041,RM,4723,Sector17,Apartment,1Story,4,4,1998,2010,BrkTil,1001.0,924,361,1285,1,0,5,7,1,3.0,759.0,Y,Y,Ex,12215547
1042,RL,7728,Koramangala,1Fam,1Story,7,8,1988,1997,CBlock,1895.0,2170,344,2514,3,1,3,8,1,1.0,,Y,Y,Gd,13913802
1043,C,8305,Andheri,1Fam,1Story,6,7,2012,2020,CBlock,902.0,1760,98,1858,3,1,4,8,2,1.0,229.0,Y,Y,Gd,12829495
1044,FV,8764,Sector17,1Fam,SplitLevel,9,6,1971,1978,PConc,882.0,1130,220,1350,2,1,4,8,0,3.0,584.0,Y,Y,TA,9516771
1045,RL,6850,Viman Nagar,1Fam,2Story,8,4,1979,1981,CBlock,1104.0,944,624,1568,1,0,5,8,0,2.0,370.0,N,Y,Gd,11438823
1046,FV,5284,Powai,1Fam,2Story,10,3,2012,2024,CBlock,1832.0,2229,78,2307,1,1,2,5,2,1.0,185.0,N,Y,Gd,16316102
1047,RL,5995,Bandra,1Fam,1Story,7,5,1994,2007,CBlock,981.0,1313,765,2078,2,1,4,8,0,,158.0,Y,N,Gd,14980407
1048,RM,4985,Indiranagar,Apartment,SplitLevel,5,8,1989,1997,CBlock,636.0,518,383,901,1,0,4,6,0,3.0,553.0,Y,Y,TA,11824889
1049,RL,6897,Bandra,1Fam,1Story,8,3,2017,2024,PConc,595.0,606,506,1112,1,0,5,8,1,2.0,489.0,Y,Y,Gd,16548535
1050,RL,6506,Bandra,1Fam,SplitLevel,4,8,1988,1990,PConc,568.0,945,264,1209,1,0,5,7,0,3.0,639.0,N,Y,TA,10843279
1051,RL,11290,Saket,1Fam,1Story,6,9,1992,1996,PConc,784.0,768,612,1380,1,1,2,4,0,3.0,674.0,Y,Y,TA,9056360
1052,RL,8789,Koramangala,Duplex,1Story,9,5,1993,2002,CBlock,934.0,741,561,1302,1,0,3,6,2,,456.0,Y,Y,TA,11384835
1053,RM,8939,Powai,1Fam,SplitLevel,5,5,1980,1992,PConc,947.0,1051,566,1617,1,1,3,5,1,2.0,369.0,N,Y,Ex,14131069
1054,RL,7942,Malad,1Fam,1Story,9,4,2015,2018,CBlock,1209.0,1260,707,1967,1,1,2,4,1,0.0,0.0,Y,Y,Ex,15190554
1055,RL,6265,Sector17,1Fam,SplitLevel,5,4,2003,2015,PConc,1636.0,1645,406,2051,1,0,3,5,0,3.0,576.0,N,Y,Gd,13040801
1056,FV,6449,Indiranagar,1Fam,1Story,7,3,1997,2008,PConc,803.0,1304,132,1436,3,1,5,10,2,2.0,404.0,Y,Y,Ex,16184435
1057,FV,6632,Andheri,Duplex,2Story,5,9,1974,1978,PConc,505.0,688,94,782,2,0,5,9,1,1.0,257.0,Y,Y,Gd,7989732
1058,FV,7376,Powai,Duplex,SplitLevel,4,8,1974,1983,PConc,589.0,681,398,1079,1,0,5,8,1,0.0,0.0,Y,Y,Ex,11106639
1059,C,7778,Whitefield,Apartment,2Story,4,9,2020,2024,PConc,746.0,834,506,1340,2,1,3,6,0,3.0,748.0,Y,Y,Ex,14952913
1060,RL,7001,Malad,1Fam,2Story,3,5,1990,2009,CBlock,662.0,960,17,977,1,1,3,5,1,2.0,378.0,N,Y,Ex,10092550
1061,RL,6418,Saket,1Fam,1Story,4,3,1981,1987,PConc,1682.0,1093,1077,2170,1,1,4,7,2,0.0,29.0,Y,Y,TA,9858550
1062,RL,5811,Saket,1Fam,1Story,8,6,2019,2020,PConc,623.0,949,61,1010,3,0,4,9,2,0.0,0.0,Y,Y,Gd,9834180
1063,FV,4214,Powai,1Fam,1Story,5,3,1973,1979,BrkTil,1349.0,1144,764,1908,2,1,4,7,1,1.0,220.0,Y,Y,Ex,14148995
1064,RL,9566,Viman Nagar,1Fam,1Story,4,7,2018,2024,PConc,330.0,738,21,759,2,0,3,7,2,0.0,0.0,Y,Y,Gd,11740680
1065,RL,11411,Bandra,Duplex,2Story,7,3,2011,2017,CBlock,934.0,1293,635,1928,3,0,4,9,2,3.0,587.0,Y,Y,TA,15537266
1066,RL,9398,Whitefield,1Fam,1Story,9,9,1989,2002,BrkTil,919.0,1101,429,1530,3,1,5,9,0,2.0,369.0,Y,Y,TA,11977201
1067,RL,4481,Saket,1Fam,2Story,10,7,2007,2024,CBlock,961.0,2010,346,2356,2,1,3,6,1,0.0,7.0,N,Y,Ex,14902899
1068,RL,8574,Indiranagar,1Fam,2Story,9,7,1994,1998,CBlock,518.0,820,214,1034,1,1,2,5,1,0.0,41.0,Y,Y,TA,11771931
1069,RM,9047,Saket,1Fam,1Story,3,7,1983,2000,PConc,799.0,867,450,1317,1,1,3,6,0,3.0,551.0,Y,Y,Gd,9197118
1070,RL,6193,Andheri,1Fam,SplitLevel,9,6,1980,1999,PConc,574.0,1098,316,1414,2,0,4,8,0,1.0,197.0,Y,Y,TA,9948246
1071,RL,7977,Sector17,1Fam,SplitLevel,5,3,2001,2012,PConc,770.0,1317,206,1523,1,1,3,6,0,1.0,224.0,Y,Y,TA,10565422
1072,C,6087,Saket,Apartment,1Story,3,9,1980,1996,PConc,864.0,743,684,1427,3,0,4,8,0,2.0,434.0,N,Y,TA,8459863
1073,RM,10057,Andheri,Duplex,1Story,5,3,1987,1999,PConc,903.0,726,710,1436,3,1,4,9,2,3.0,693.0,Y,Y,TA,8978821
1074,RL,7730,Powai,1Fam,1Story,7,6,1996,1997,CBlock,,1041,387,1428,3,1,2,7,2,1.0,228.0,Y,Y,Ex,14425632
1075,FV,5165,Powai,1Fam,2Story,3,5,1987,1999,PConc,394.0,339,261,600,2,1,2,5,0,2.0,379.0,Y,Y,Gd,9961181
1076,RM,8339,Malad,1Fam,1Story,6,4,1992,1998,CBlock,1186.0,1744,352,2096,2,0,5,8,1,2.0,371.0,Y,N,Ex,13629548
1077,RL,9117,Saket,Duplex,2Story,8,9,1980,1989,CBlock,2339.0,1839,1191,3030,2,1,4,7,1,1.0,170.0,Y,Y,Fa,10934541
1078,RM,7396,Indiranagar,Duplex,1Story,8,9,1990,1995,PConc,1248.0,1253,496,1749,1,0,3,5,1,3.0,568.0,Y,Y,Gd,14038565
1079,RM,7958,Saket,1Fam,2Story,5,3,2013,2015,PConc,495.0,617,415,1032,2,1,2,5,0,0.0,10.0,Y,Y,Gd,8650644
1080,RL,6860,Indiranagar,Duplex,2Story,9,4,1974,1976,PConc,489.0,837,245,1082,2,1,2,5,2,1.0,,Y,Y,Ex,13278910
1081,RL,4731,Koramangala,1Fam,SplitLevel,10,8,1992,2009,CBlock,1277.0,1063,843,1906,3,0,4,8,2,0.0,41.0,Y,Y,Ex,15275864
1082,RL,6696,Malad,Duplex,1Story,10,8,2010,2020,PConc,1118.0,916,876,1792,1,0,3,6,2,0.0,,Y,N,TA,11550939
1083,RM,8046,Koramangala,1Fam,1Story,6,6,1994,2013,CBlock,1043.0,765,692,1457,1,1,2,5,2,3.0,662.0,Y,Y,Gd,12417220
1084,RL,6743,Saket,1Fam,1Story,3,8,2010,2014,CBlock,1374.0,1930,46,1976,3,1,2,6,1,3.0,566.0,Y,N,Gd,10808825
1085,RM,8601,Malad,Apartment,1Story,6,9,1979,1997,CBlock,390.0,342,258,600,1,0,3,6,1,2.0,481.0,Y,Y,Ex,9306465
1086,RL,6215,Koramangala,1Fam,1Story,6,8,1991,2009,PConc,1570.0,1688,289,1977,2,1,2,6,2,3.0,568.0,Y,N,TA,11692221
1087,RL,6346,Bandra,Apartment,SplitLevel,9,5,1988,2002,CBlock,1053.0,917,801,1718,1,0,3,5,0,2.0,417.0,Y,Y,Ex,16372594
1088,RL,8662,Saket,1Fam,2Story,10,5,1970,1985,PConc,490.0,610,492,1102,3,1,4,8,2,1.0,190.0,Y,Y,Gd,9542343
1089,RL,7443,Koramangala,1Fam,1Story,3,5,1976,1984,PConc,645.0,666,217,883,1,0,2,4,2,0.0,0.0,N,Y,TA,8619812
1090,C,6176,Bandra,Duplex,2Story,7,8,1973,1976,PConc,831.0,1215,445,1660,3,0,4,8,0,3.0,633.0,Y,Y,Gd,14438039
1091,RM,9067,Bandra,1Fam,1Story,9,6,1970,1984,CBlock,1637.0,2247,56,2303,2,0,3,6,2,1.0,128.0,Y,Y,Ex,18067153
1092,RL,5622,Powai,1Fam,1Story,6,7,1984,1995,BrkTil,,1444,41,1485,2,0,4,8,1,2.0,358.0,N,N,TA,11253888
1093,RL,5546,Saket,1Fam,2Story,6,7,2009,2011,PConc,796.0,1043,130,1173,3,0,4,9,0,3.0,637.0,Y,Y,Gd,10189979
1094,RM,2000,Bandra,Apartment,SplitLevel,7,4,1981,1994,CBlock,,1357,338,1695,2,1,4,7,0,0.0,,Y,Y,Ex,16073602
1095,C,5892,Powai,Duplex,1Story,6,7,1991,2007,PConc,1466.0,1825,685,2510,2,1,5,8,2,1.0,187.0,N,N,TA,13294313
1096,RM,9617,Koramangala,1Fam,2Story,6,7,1991,2009,CBlock,990.0,1230,585,1815,1,1,3,6,1,3.0,543.0,Y,N,Ex,13340961
1097,RL,2855,Andheri,1Fam,SplitLevel,6,5,2019,2024,PConc,1011.0,1819,50,1869,2,1,3,7,1,,587.0,N,Y,Gd,13272632
1098,FV,5096,Saket,1Fam,1Story,8,5,2016,2019,PConc,1447.0,1772,439,2211,3,1,3,8,1,1.0,234.0,N,Y,TA,11811029
1099,RM,7878,Malad,1Fam,1Story,9,8,1986,1992,CBlock,1286.0,1449,387,1836,2,1,3,6,2,2.0,371.0,Y,N,Fa,8051931
1100,RL,2510,Indiranagar,Apartment,2Story,4,4,1998,2016,CBlock,811.0,744,465,1209,1,1,3,5,2,2.0,468.0,N,Y,TA,11920459
1101,RL,5978,Indiranagar,Duplex,2Story,9,3,2015,2024,PConc,348.0,380,347,727,3,1,2,7,1,3.0,653.0,N,Y,Gd,14458178
1102,RL,9281,Koramangala,1Fam,1Story,7,9,1983,1998,CBlock,680.0,1107,32,1139,2,1,2,5,2,2.0,,Y,N,Gd,10674361
1103,RM,11086,Viman Nagar,1Fam,1Story,6,4,2019,2024,PConc,750.0,687,360,1047,2,0,2,6,1,2.0,370.0,N,Y,TA,9897451
1104,RL,7580,Viman Nagar,Apartment,2Story,9,4,1989,1996,PConc,1138.0,1391,538,1929,2,0,4,7,2,1.0,61.0,Y,Y,Gd,13812033
1105,RL,5147,Koramangala,1Fam,2Story,8,6,2019,2024,PConc,1228.0,1114,885,1999,3,1,4,8,0,2.0,346.0,Y,Y,Ex,16760416
1106,RL,5079,Bandra,Apartment,2Story,10,8,2017,2024,BrkTil,1195.0,1549,138,1687,1,0,3,6,0,2.0,,Y,Y,TA,14417215
1107,RL,7289,Saket,1Fam,1Story,7,6,2002,2019,BrkTil,641.0,495,470,965,3,1,5,10,2,1.0,128.0,Y,Y,Gd,9986854
1108,RL,7561,Indiranagar,Duplex,2Story,5,4,2012,2024,PConc,1405.0,2286,207,2493,3,0,3,7,2,3.0,598.0,Y,Y,Gd,19171177
1109,RM,10715,Indiranagar,1Fam,2Story,9,4,1984,2003,CBlock,1054.0,793,598,1391,1,0,2,5,1,3.0,615.0,Y,Y,Ex,16870772
1110,RL,8941,Bandra,Duplex,SplitLevel,5,4,1981,1999,CBlock,884.0,1793,108,1901,3,0,3,7,0,1.0,290.0,Y,Y,TA,11592816
1111,RL,7168,Indiranagar,1Fam,SplitLevel,6,7,2009,2018,BrkTil,1296.0,1404,220,1624,3,1,4,9,1,0.0,3.0,Y,Y,Gd,15610460
1112,RL,6329,Malad,1Fam,2Story,8,9,1989,2005,BrkTil,762.0,992,712,1704,2,1,3,7,2,1.0,98.0,Y,Y,Gd,10780553
1113,RL,13029,Saket,1Fam,SplitLevel,8,9,1999,2011,CBlock,764.0,1475,409,1884,3,1,2,6,1,,0.0,Y,Y,Gd,11144063
1114,RL,8253,Sector17,Apartment,SplitLevel,9,6,2007,2019,PConc,945.0,821,430,1251,2,1,3,6,1,2.0,430.0,Y,Y,TA,10726432
1115,RL,5662,Indiranagar,1Fam,2Story,7,4,1972,1978,PConc,1121.0,1326,926,2252,3,0,4,8,2,3.0,595.0,N,Y,Gd,13120861
1116,RL,6550,Koramangala,Apartment,2Story,7,9,1997,2006,CBlock,560.0,752,58,810,2,1,5,9,0,0.0,42.0,Y,N,Ex,10047250
1117,C,5245,Malad,Duplex,2Story,8,5,1995,1996,BrkTil,782.0,757,323,1080,2,0,2,6,1,0.0,0.0,Y,Y,TA,8829422
1118,RL,2190,Indiranagar,1Fam,2Story,7,9,1999,2002,PConc,1670.0,1570,676,2246,2,1,3,6,2,2.0,457.0,Y,Y,Gd,16110319
1119,RM,7625,Malad,Apartment,1Story,8,8,1982,1987,CBlock,1509.0,1108,787,1895,1,0,4,7,1,3.0,612.0,Y,Y,Gd,11086061
1120,RL,10564,Powai,Duplex,1Story,9,8,1982,1999,CBlock,1485.0,1984,886,2870,3,0,2,6,2,2.0,413.0,Y,Y,TA,13593187
1121,RL,3738,Sector17,1Fam,1Story,4,9,1971,1976,PConc,1117.0,1529,105,1634,3,0,2,6,2,3.0,607.0,N,N,TA,8209627
1122,RM,7110,Whitefield,1Fam,1Story,8,5,2006,2022,CBlock,1093.0,1669,781,2450,3,0,4,8,2,3.0,561.0,Y,Y,Ex,20522473
1123,RL,5586,Koramangala,Apartment,1Story,5,8,2018,2024,PConc,377.0,654,17,671,1,1,3,5,0,2.0,397.0,Y,Y,TA,9914046
1124,FV,8043,Koramangala,Duplex,SplitLevel,7,7,2007,2017,CBlock,660.0,869,24,893,2,1,3,6,0,0.0,14.0,Y,Y,Gd,11287725
1125,RL,6655,Saket,Duplex,1Story,8,9,1971,1989,CBlock,1119.0,1171,876,2047,3,0,3,8,2,1.0,129.0,Y,N,Fa,8003467
1126,RL,4279,Malad,Duplex,1Story,8,7,2005,2006,BrkTil,463.0,429,300,729,1,1,2,5,0,3.0,603.0,Y,Y,TA,8323527
1127,RL,5037,Bandra,1Fam,2Story,9,9,1995,1997,BrkTil,902.0,1397,104,1501,1,1,5,7,1,3.0,660.0,Y,Y,Fa,11603102
1128,C,5339,Koramangala,Apartment,1Story,7,3,1980,1990,PConc,1437.0,1520,663,2183,3,0,2,7,0,1.0,221.0,Y,Y,Gd,13791575
1129,FV,9688,Malad,1Fam,2Story,4,3,1977,1982,PConc,1459.0,929,921,1850,2,1,3,6,0,1.0,268.0,Y,Y,Ex,11040037
1130,RL,9586,Malad,1Fam,1Story,9,3,2013,2024,CBlock,677.0,1022,583,1605,1,1,2,5,1,2.0,420.0,Y,Y,TA,10425181
1131,RL,6377,Andheri,1Fam,1Story,4,8,2009,2024,CBlock,865.0,1098,277,1375,3,1,5,10,1,3.0,555.0,N,Y,TA,9846358
1132,RL,9455,Andheri,1Fam,SplitLevel,10,7,2012,2024,CBlock,1267.0,1530,171,1701,2,0,2,5,1,2.0,439.0,Y,Y,TA,11670669
1133,RM,6653,Whitefield,1Fam,2Story,9,7,1991,1997,PConc,1118.0,1069,819,1888,1,1,4,7,2,1.0,142.0,N,Y,Gd,15164455
1134,RL,6346,Powai,1Fam,SplitLevel,7,7,1989,1996,CBlock,547.0,704,565,1269,1,0,3,5,1,2.0,389.0,Y,Y,Gd,11558854
1135,RL,7114,Whitefield,1Fam,1Story,3,5,1977,1995,PConc,1114.0,1715,70,1785,3,0,3,8,1,3.0,586.0,Y,Y,TA,11742684
1136,RL,7569,Indiranagar,1Fam,1Story,7,7,1998,2017,PConc,1139.0,1872,267,2139,3,0,3,7,1,0.0,,Y,Y,TA,14180530
1137,RM,5889,Bandra,Duplex,2Story,7,5,2009,2024,PConc,687.0,1182,306,1488,2,1,2,5,2,0.0,118.0,Y,Y,Ex,17747106
1138,RL,7043,Indiranagar,1Fam,1Story,4,3,1995,2001,BrkTil,1208.0,1445,189,1634,3,1,2,6,0,3.0,596.0,Y,Y,TA,12201018
1139,RM,8574,Viman Nagar,1Fam,1Story,4,3,1999,2007,CBlock,,1315,526,1841,3,1,2,6,2,2.0,490.0,Y,Y,TA,12792865
1140,RM,7259,Indiranagar,Duplex,1Story,7,8,1986,1998,BrkTil,1449.0,1648,227,1875,2,0,3,6,0,1.0,217.0,Y,Y,Ex,17901542
1141,RL,7085,Saket,1Fam,2Story,7,9,1989,1989,CBlock,1472.0,1398,641,2039,3,1,2,6,1,1.0,158.0,Y,N,Fa,7805150
1142,RL,7988,Indiranagar,1Fam,2Story,7,3,2021,2024,PConc,739.0,679,413,1092,2,0,3,7,2,0.0,0.0,Y,Y,Gd,12476690
1143,RM,8333,Whitefield,Apartment,1Story,4,9,1985,1988,CBlock,,1154,181,1335,2,1,2,5,2,2.0,398.0,Y,Y,TA,10215412
1144,RL,6874,Koramangala,1Fam,1Story,7,9,2015,2017,PConc,773.0,961,393,1354,2,0,3,7,0,1.0,182.0,Y,Y,TA,11622239
1145,RL,6051,Koramangala,1Fam,SplitLevel,7,8,2012,2014,CBlock,549.0,1137,11,1148,3,1,4,8,2,1.0,186.0,Y,Y,Ex,14034697
1146,RM,7378,Andheri,1Fam,1Story,10,4,1976,1988,PConc,535.0,472,228,700,2,1,2,6,2,3.0,628.0,Y,Y,TA,8559925
1147,FV,3812,Bandra,Duplex,2Story,6,4,1985,1992,CBlock,281.0,576,24,600,3,1,3,7,0,2.0,418.0,Y,Y,TA,11553054
1148,FV,6579,Bandra,Duplex,2Story,3,6,2014,2020,CBlock,1130.0,2123,74,2197,2,0,4,7,2,2.0,434.0,Y,Y,TA,14919132
1149,RM,2056,Saket,1Fam,2Story,5,8,2016,2016,PConc,499.0,511,312,823,3,0,4,9,2,1.0,276.0,Y,Y,Gd,9470028
1150,RL,3648,Whitefield,Duplex,1Story,3,6,2017,2024,PConc,1204.0,2142,241,2383,2,1,5,8,1,2.0,376.0,Y,Y,Ex,18516920
1151,RL,3347,Andheri,Duplex,SplitLevel,6,6,1996,2001,PConc,952.0,1410,559,1969,1,0,2,4,1,2.0,455.0,N,N,TA,9403918
1152,RL,9094,Viman Nagar,1Fam,1Story,5,4,2022,2024,BrkTil,893.0,1339,58,1397,1,0,3,5,1,2.0,469.0,Y,N,Gd,11967154
1153,RL,7027,Bandra,1Fam,1Story,9,8,1992,2003,PConc,,1383,525,1908,1,0,5,7,1,3.0,664.0,Y,Y,Gd,15642497
1154,RL,4475,Koramangala,Duplex,1Story,7,4,1993,2001,CBlock,766.0,1580,232,1812,2,1,2,6,1,1.0,112.0,Y,Y,Gd,13532476
1155,RL,7982,Indiranagar,1Fam,1Story,6,6,1978,1988,PConc,575.0,769,280,1049,3,1,4,8,2,0.0,89.0,N,Y,Gd,13904941
1156,C,8977,Indiranagar,1Fam,1Story,10,8,2004,2013,PConc,1095.0,977,615,1592,2,1,2,6,2,2.0,368.0,Y,Y,TA,13565163
1157,FV,8016,Andheri,1Fam,SplitLevel,9,6,2020,2020,CBlock,690.0,665,445,1110,2,0,3,6,1,1.0,107.0,N,N,TA,9897348
1158,FV,6622,Whitefield,1Fam,1Story,7,7,1989,2006,CBlock,1096.0,1373,554,1927,2,1,4,7,0,0.0,88.0,Y,Y,TA,13248051
1159,RL,7464,Whitefield,1Fam,SplitLevel,4,9,2006,2009,CBlock,777.0,1090,152,1242,2,0,5,8,1,3.0,625.0,Y,Y,TA,12642336
1160,FV,8802,Powai,1Fam,1Story,8,8,2011,2015,CBlock,847.0,1244,307,1551,3,0,2,6,2,1.0,227.0,Y,Y,TA,13122107
1161,RL,6061,Sector17,1Fam,1Story,6,8,1986,1994,CBlock,1184.0,1291,239,1530,2,1,2,6,0,3.0,583.0,Y,Y,Ex,13750001
1162,RL,7059,Bandra,Apartment,1Story,4,9,2016,2024,PConc,700.0,1064,596,1660,1,1,5,7,1,1.0,209.0,Y,Y,TA,13370361
1163,RM,6485,Whitefield,1Fam,2Story,6,6,2000,2002,PConc,1627.0,1800,631,2431,1,1,2,4,0,3.0,593.0,Y,N,Gd,13092057
1164,RL,3773,Koramangala,1Fam,2Story,10,7,1977,1992,PConc,1118.0,772,707,1479,1,0,2,4,1,1.0,168.0,Y,Y,Gd,11511523
1165,FV,8833,Andheri,Apartment,SplitLevel,6,5,1984,1988,PConc,1593.0,2006,202,2208,2,0,2,6,2,3.0,601.0,Y,Y,Gd,12192110
1166,RL,11114,Viman Nagar,Apartment,2Story,4,9,2000,2015,BrkTil,870.0,1829,10,1839,3,1,4,9,1,0.0,5.0,Y,Y,Gd,13884346
1167,RL,5252,Powai,1Fam,1Story,10,4,2022,2024,CBlock,1196.0,1624,685,2309,3,0,4,9,0,1.0,133.0,Y,Y,Gd,17732781
1168,RL,8925,Malad,1Fam,1Story,5,6,1999,2018,PConc,982.0,722,708,1430,3,1,3,8,2,0.0,2.0,Y,N,Ex,10848849
1169,C,5316,Saket,1Fam,SplitLevel,3,9,2015,2024,BrkTil,,1139,809,1948,2,1,2,5,1,2.0,310.0,Y,Y,Ex,12996668
1170,RL,7265,Viman Nagar,Apartment,SplitLevel,7,9,1989,1991,BrkTil,1137.0,1297,273,1570,3,1,3,7,1,0.0,96.0,Y,Y,Gd,11374380
1171,RM,10016,Malad,1Fam,1Story,6,8,2008,2024,PConc,412.0,483,117,600,1,1,4,7,1,1.0,194.0,Y,Y,Ex,10236989
1172,RM,5959,Indiranagar,1Fam,1Story,7,4,2022,2024,BrkTil,729.0,943,112,1055,3,1,2,6,1,0.0,0.0,Y,Y,Gd,13959032
1173,RM,6970,Saket,Duplex,2Story,8,4,1981,1996,PConc,832.0,1185,706,1891,2,1,3,6,2,1.0,225.0,Y,Y,Ex,11983772
1174,RL,3396,Bandra,1Fam,2Story,4,4,2018,2024,BrkTil,1276.0,1638,220,1858,2,0,2,6,2,3.0,562.0,Y,Y,Ex,20217431
1175,RL,5671,Koramangala,Duplex,2Story,7,9,1986,2005,PConc,639.0,803,149,952,3,0,2,6,1,2.0,398.0,Y,Y,TA,10278619
1176,RM,3187,Saket,Duplex,1Story,4,5,2011,2024,CBlock,,1131,579,1710,2,1,5,9,2,0.0,22.0,Y,Y,TA,9479728
1177,FV,7858,Sector17,1Fam,SplitLevel,7,3,1999,2016,PConc,771.0,1430,421,1851,3,1,3,8,0,2.0,349.0,N,Y,Fa,8363327
1178,C,8663,Malad,1Fam,1Story,3,6,1998,2011,BrkTil,647.0,907,675,1582,3,0,4,9,2,0.0,97.0,Y,Y,TA,9764451
1179,RL,6556,Bandra,1Fam,1Story,3,3,1988,2005,PConc,1078.0,1426,538,1964,1,0,3,6,0,,302.0,Y,Y,TA,13346004
1180,RL,7571,Sector17,Duplex,1Story,10,9,2015,2024,PConc,871.0,1783,113,1896,2,1,3,7,0,0.0,0.0,N,Y,TA,12561597
1181,RL,6348,Indiranagar,Duplex,1Story,3,3,1980,1994,CBlock,986.0,1124,458,1582,1,1,3,6,2,2.0,343.0,Y,Y,Gd,13097196
1182,RM,8481,Sector17,Duplex,SplitLevel,10,9,2003,2008,CBlock,1030.0,1236,108,1344,2,0,5,8,1,0.0,0.0,N,Y,Gd,10875591
1183,RL,7258,Powai,1Fam,2Story,3,3,2019,2024,CBlock,1180.0,1686,435,2121,3,1,2,6,2,2.0,376.0,Y,Y,Gd,14712319
1184,RM,3028,Powai,Duplex,2Story,3,4,1976,1993,CBlock,1351.0,1091,740,1831,2,0,4,7,0,2.0,455.0,Y,N,TA,10053934
1185,FV,8879,Andheri,1Fam,1Story,3,7,2013,2016,CBlock,363.0,718,191,909,3,1,5,10,0,1.0,174.0,Y,Y,TA,8753158
1186,RL,6220,Viman Nagar,1Fam,2Story,4,4,2003,2010,PConc,799.0,1287,423,1710,2,0,4,8,2,3.0,541.0,N,Y,TA,12357751
1187,RL,4459,Viman Nagar,1Fam,2Story,6,4,1989,2003,PConc,422.0,716,308,1024,1,1,5,8,0,3.0,605.0,Y,Y,Gd,10520133
1188,FV,6122,Bandra,Duplex,1Story,10,8,2019,2021,PConc,593.0,625,492,1117,1,1,2,4,2,0.0,0.0,Y,Y,Fa,10806331
1189,RL,3195,Indiranagar,Duplex,SplitLevel,7,8,2007,2021,BrkTil,972.0,902,372,1274,3,1,4,8,2,2.0,453.0,Y,Y,Fa,12134190
1190,RL,4500,Whitefield,1Fam,1Story,3,3,1993,2005,PConc,711.0,870,752,1622,1,0,3,6,1,1.0,229.0,Y,Y,Gd,12384662
1191,RL,7285,Powai,Apartment,1Story,4,9,1979,1987,PConc,,981,806,1787,3,1,5,10,0,3.0,570.0,Y,Y,TA,12233256
1192,RL,7453,Bandra,1Fam,1Story,4,4,2001,2002,CBlock,809.0,987,408,1395,3,0,4,9,2,1.0,175.0,Y,Y,Ex,17529584
1193,RM,7612,Whitefield,1Fam,1Story,4,3,2021,2024,PConc,1098.0,924,493,1417,3,0,2,7,0,1.0,212.0,Y,Y,Ex,17099674
1194,RL,7006,Viman Nagar,1Fam,1Story,10,8,1984,2003,PConc,605.0,1297,51,1348,2,0,4,8,2,2.0,344.0,Y,Y,Ex,14234781
1195,RL,5614,Andheri,Apartment,2Story,6,7,2006,2022,CBlock,1029.0,1460,663,2123,3,0,5,9,2,0.0,0.0,N,N,TA,10785194
1196,RM,6891,Sector17,1Fam,1Story,10,6,1989,2001,PConc,247.0,527,73,600,1,1,2,5,1,2.0,388.0,Y,Y,Ex,11213706
1197,RL,6125,Powai,1Fam,1Story,7,3,1972,1972,CBlock,828.0,1105,340,1445,2,1,3,7,2,3.0,,Y,Y,Ex,13069533
1198,RL,3748,Bandra,Apartment,2Story,6,7,2006,2007,PConc,1212.0,2021,351,2372,1,1,5,8,1,,577.0,Y,Y,Ex,20158888
1199,RM,5455,Saket,Apartment,1Story,5,6,2009,2023,PConc,1389.0,1170,688,1858,3,0,5,10,0,1.0,146.0,Y,Y,Gd,12131045
1200,C,8779,Whitefield,Apartment,2Story,9,5,1977,1988,BrkTil,1433.0,2168,65,2233,3,1,2,6,1,2.0,471.0,Y,Y,Gd,15163818
1201,RL,10176,Sector17,1Fam,SplitLevel,4,3,2009,2022,PConc,387.0,459,141,600,1,0,5,8,1,2.0,379.0,Y,Y,Ex,10613974
1202,RL,8302,Powai,Duplex,1Story,10,3,2013,2014,PConc,,895,83,978,2,0,4,8,0,1.0,152.0,Y,Y,Gd,12365390
1203,RM,10087,Viman Nagar,1Fam,2Story,5,5,1992,2009,BrkTil,811.0,1267,590,1857,1,0,3,6,1,0.0,33.0,Y,Y,Gd,12478881
1204,RM,7170,Indiranagar,1Fam,1Story,8,5,2009,2015,PConc,1372.0,1306,1069,2375,3,1,4,8,1,1.0,168.0,Y,Y,Gd,17654899
1205,RL,10484,Whitefield,1Fam,2Story,10,3,1980,1985,PConc,822.0,861,168,1029,2,0,2,6,2,1.0,144.0,Y,Y,TA,10718378
1206,RL,11108,Viman Nagar,Duplex,1Story,3,5,2015,2024,PConc,1032.0,708,698,1406,3,1,5,9,1,3.0,644.0,Y,Y,Fa,10245709
1207,RL,3533,Powai,1Fam,1Story,9,4,1977,1984,CBlock,1363.0,1327,473,1800,3,1,3,8,2,2.0,383.0,Y,Y,Gd,14239187
1208,RM,7442,Whitefield,1Fam,1Story,3,6,1998,1999,PConc,636.0,520,353,873,1,1,2,5,1,3.0,642.0,Y,Y,Gd,11450105
1209,RL,7172,Sector17,1Fam,2Story,6,6,1999,2015,CBlock,820.0,1513,347,1860,3,0,4,9,0,1.0,199.0,Y,Y,Fa,9175362
1210,C,6151,Powai,1Fam,1Story,9,6,1979,1983,PConc,294.0,593,7,600,1,1,5,8,0,2.0,406.0,Y,Y,Gd,8636941
1211,RL,7983,Malad,1Fam,1Story,10,4,2008,2021,PConc,740.0,1351,495,1846,2,0,5,9,1,1.0,228.0,Y,Y,TA,12139120
1212,RM,7082,Bandra,1Fam,SplitLevel,7,9,1997,2016,CBlock,574.0,1001,101,1102,3,0,2,7,2,1.0,168.0,Y,Y,Gd,13944248
1213,FV,5529,Sector17,Duplex,1Story,5,5,2018,2020,PConc,610.0,1037,339,1376,3,0,4,9,1,0.0,,Y,Y,Gd,11404003
1214,RL,6946,Whitefield,1Fam,2Story,7,7,2005,2009,PConc,,1439,486,1925,2,0,5,9,2,3.0,660.0,N,Y,TA,13856785
1215,RL,9409,Indiranagar,Duplex,1Story,10,5,1982,1997,CBlock,1222.0,1759,64,1823,1,1,4,7,1,,628.0,Y,Y,TA,13812850
1216,RL,7365,Viman Nagar,Duplex,SplitLevel,6,3,2001,2018,BrkTil,,1508,88,1596,3,1,3,7,0,1.0,196.0,Y,Y,Gd,13633919
1217,RL,8253,Saket,Duplex,1Story,3,8,2005,2021,PConc,1458.0,1860,224,2084,2,1,5,8,0,0.0,39.0,N,Y,Gd,12093822
1218,RL,6445,Viman Nagar,1Fam,1Story,9,6,2006,2016,PConc,580.0,485,264,749,3,1,3,7,2,1.0,227.0,Y,Y,TA,11194632
1219,RL,7904,Whitefield,Duplex,2Story,7,5,1995,2011,PConc,717.0,1314,388,1702,1,0,5,7,1,1.0,247.0,Y,N,Gd,10521825
1220,FV,4581,Viman Nagar,1Fam,SplitLevel,10,7,1991,2006,CBlock,487.0,736,468,1204,1,0,2,5,2,1.0,142.0,Y,Y,TA,11030854
1221,RM,6000,Bandra,1Fam,2Story,7,3,1973,1974,BrkTil,1368.0,1486,573,2059,1,0,5,8,0,0.0,0.0,Y,Y,Gd,14156939
1222,C,6794,Powai,Duplex,1Story,10,4,2000,2003,BrkTil,1002.0,1441,502,1943,1,0,5,7,2,2.0,456.0,Y,Y,Gd,14061101
1223,RL,4447,Saket,Apartment,2Story,3,9,1987,1993,PConc,983.0,1795,166,1961,2,1,4,7,1,0.0,83.0,Y,Y,Gd,10457514
1224,RL,5339,Koramangala,1Fam,2Story,9,4,2007,2008,PConc,1289.0,2296,126,2422,3,1,4,8,2,1.0,173.0,N,Y,TA,13851712
1225,RL,7626,Whitefield,1Fam,SplitLevel,5,7,1993,1998,PConc,,1529,634,2163,2,0,3,6,1,2.0,407.0,Y,Y,Gd,13745058
1226,RL,7259,Andheri,Apartment,SplitLevel,3,3,1992,2008,PConc,919.0,773,748,1521,1,0,3,6,1,1.0,200.0,Y,Y,Gd,11222701
1227,RL,8612,Koramangala,Apartment,2Story,7,6,1991,1997,CBlock,,1488,111,1599,1,0,3,5,0,0.0,0.0,Y,N,Gd,11294112
1228,RL,5798,Viman Nagar,1Fam,2Story,5,5,1971,1975,PConc,1149.0,1115,785,1900,1,0,5,8,1,0.0,0.0,Y,Y,Fa,8786055
1229,RM,7115,Whitefield,1Fam,2Story,10,3,2000,2004,CBlock,1116.0,1352,316,1668,1,1,5,8,1,2.0,321.0,Y,N,Fa,8934920
1230,RL,5656,Malad,1Fam,2Story,5,9,1980,1999,BrkTil,1083.0,1000,952,1952,3,0,3,8,1,0.0,0.0,N,Y,TA,10981753
1231,RL,8412,Andheri,Duplex,1Story,10,4,1997,2012,PConc,300.0,419,181,600,1,1,2,4,2,1.0,148.0,Y,Y,Fa,6840841
1232,RL,9381,Saket,1Fam,1Story,3,9,2015,2024,CBlock,1184.0,2522,18,2540,3,1,2,6,0,2.0,408.0,Y,Y,Ex,15238392
1233,FV,7966,Indiranagar,Duplex,1Story,7,9,2001,2009,PConc,879.0,897,733,1630,1,0,5,8,2,3.0,584.0,Y,Y,Fa,11891693
1234,RL,9122,Malad,Apartment,SplitLevel,6,7,1974,1978,PConc,549.0,560,228,788,3,0,2,6,2,1.0,183.0,N,Y,Ex,10006297
1235,RL,7064,Koramangala,Apartment,1Story,7,7,2007,2014,PConc,803.0,747,396,1143,3,1,2,6,0,3.0,677.0,Y,Y,Gd,11994124
1236,RL,8611,Powai,Apartment,1Story,10,5,1979,1987,PConc,400.0,571,29,600,1,1,3,6,2,2.0,403.0,Y,Y,Gd,10309194
1237,RL,7150,Bandra,1Fam,1Story,4,7,2009,2013,PConc,520.0,985,69,1054,2,0,2,6,2,,493.0,Y,N,Fa,9776025
1238,RM,4950,Indiranagar,1Fam,2Story,9,7,2015,2024,CBlock,970.0,945,583,1528,2,1,2,5,1,1.0,222.0,N,Y,TA,14789308
1239,RL,7493,Malad,1Fam,SplitLevel,8,3,1993,1994,CBlock,1480.0,1274,1083,2357,2,0,5,9,2,0.0,40.0,Y,Y,TA,12320640
1240,RL,5009,Powai,1Fam,2Story,6,6,2004,2012,PConc,1071.0,1468,337,1805,2,0,5,8,0,1.0,156.0,N,Y,Fa,11454809
1241,RL,11678,Powai,1Fam,1Story,5,5,2013,2023,BrkTil,1063.0,1146,570,1716,2,1,5,8,2,0.0,0.0,N,N,TA,11485473
1242,C,6331,Whitefield,1Fam,SplitLevel,6,3,2017,2020,CBlock,615.0,862,170,1032,1,1,2,5,1,0.0,0.0,Y,Y,TA,11490613
1243,RL,8290,Malad,Apartment,1Story,9,6,1992,1993,CBlock,743.0,612,575,1187,1,0,3,6,2,1.0,260.0,Y,Y,Ex,11537784
1244,RL,6975,Saket,Apartment,SplitLevel,5,9,1986,1991,PConc,,694,532,1226,1,0,4,6,0,2.0,381.0,Y,Y,TA,7249446
1245,RL,4532,Viman Nagar,1Fam,1Story,9,3,1970,1983,PConc,553.0,1050,196,1246,1,1,5,8,1,1.0,128.0,Y,Y,Fa,8590354
1246,RL,3202,Andheri,1Fam,2Story,5,8,2000,2000,CBlock,996.0,863,561,1424,1,1,5,7,2,3.0,619.0,Y,Y,Fa,8697494
1247,RL,8498,Andheri,1Fam,1Story,6,3,2000,2017,BrkTil,663.0,1356,105,1461,1,1,5,8,0,2.0,403.0,Y,Y,Gd,10712331
1248,RL,10098,Koramangala,Apartment,SplitLevel,5,7,2011,2017,PConc,610.0,756,674,1430,3,1,3,7,0,0.0,0.0,Y,Y,Gd,12500991
1249,RL,5530,Koramangala,1Fam,1Story,5,6,2011,2011,CBlock,999.0,768,496,1264,3,0,4,9,2,2.0,381.0,Y,Y,Gd,11140126
1250,RL,3686,Andheri,Apartment,1Story,4,5,2022,2022,PConc,1304.0,1665,2,1667,1,0,4,6,2,1.0,156.0,Y,Y,Gd,12815244
1251,C,6349,Saket,Duplex,SplitLevel,7,5,2003,2003,CBlock,611.0,1033,409,1442,1,0,5,7,1,2.0,446.0,Y,Y,Gd,10136126
1252,RL,5125,Bandra,Apartment,1Story,7,6,1978,1981,PConc,462.0,682,120,802,3,1,2,7,2,0.0,1.0,Y,N,TA,9079810
1253,RL,5699,Sector17,Duplex,2Story,8,7,1991,1994,CBlock,767.0,956,661,1617,3,1,5,9,1,0.0,12.0,Y,Y,TA,9601251
1254,RL,8220,Viman Nagar,Apartment,2Story,8,4,1982,1999,CBlock,915.0,1240,301,1541,1,0,5,7,2,2.0,370.0,Y,Y,Fa,9179626
1255,RL,6899,Bandra,Duplex,2Story,10,3,1994,2004,PConc,592.0,699,111,810,3,1,2,6,0,3.0,666.0,N,Y,Ex,16410494
1256,RL,5340,Whitefield,1Fam,1Story,10,7,2017,2017,PConc,1017.0,857,447,1304,2,1,2,5,0,0.0,11.0,Y,Y,Gd,14654796
1257,RL,8177,Sector17,1Fam,SplitLevel,10,8,1987,1996,BrkTil,1240.0,1735,163,1898,2,1,5,8,0,3.0,492.0,Y,N,Gd,10973180
1258,RL,8333,Sector17,Apartment,SplitLevel,4,9,2020,2024,CBlock,558.0,826,205,1031,2,1,3,7,0,0.0,22.0,Y,Y,Gd,9964055
1259,RL,6325,Malad,1Fam,1Story,8,6,1981,1984,CBlock,627.0,679,299,978,3,1,3,7,1,2.0,386.0,Y,Y,Gd,9140997
1260,RL,7275,Saket,1Fam,1Story,9,3,2009,2014,CBlock,754.0,1119,318,1437,1,1,2,4,0,0.0,0.0,Y,Y,Gd,9941704
1261,C,8041,Saket,Duplex,1Story,10,5,1986,2001,BrkTil,1459.0,1506,405,1911,1,0,5,7,1,3.0,649.0,Y,Y,Fa,8747715
1262,RL,7852,Sector17,Duplex,1Story,10,9,1984,1985,PConc,1874.0,1459,1046,2505,1,0,3,6,1,3.0,604.0,Y,Y,Gd,13905208
1263,RL,7081,Malad,1Fam,2Story,6,4,2011,2024,BrkTil,1202.0,1352,577,1929,3,0,5,10,1,2.0,485.0,Y,Y,TA,10893950
1264,RL,9865,Viman Nagar,1Fam,SplitLevel,3,8,1984,1993,PConc,,1438,704,2142,3,0,5,9,2,3.0,605.0,Y,Y,TA,11799214
1265,RL,8165,Sector17,1Fam,2Story,9,5,1984,2000,PConc,917.0,1241,532,1773,2,1,5,8,1,3.0,576.0,Y,Y,TA,10742677
1266,RL,6098,Indiranagar,1Fam,2Story,10,6,2008,2020,CBlock,519.0,1106,151,1257,3,0,3,8,2,2.0,309.0,Y,Y,TA,13554098
1267,RL,6110,Koramangala,Apartment,1Story,10,3,1982,1999,BrkTil,1398.0,1426,499,1925,2,0,4,8,1,0.0,0.0,Y,N,TA,11162047
1268,RL,5883,Koramangala,Duplex,1Story,10,6,1986,1998,PConc,903.0,1510,47,1557,2,0,5,8,2,2.0,383.0,Y,Y,TA,12007206
1269,RL,8264,Bandra,Apartment,2Story,3,9,2001,2017,PConc,947.0,1156,632,1788,1,0,3,6,2,0.0,73.0,Y,Y,TA,14022712
1270,RL,5754,Whitefield,1Fam,2Story,3,3,1978,1982,CBlock,662.0,797,329,1126,3,1,4,8,0,0.0,0.0,N,Y,Gd,10632254
1271,RL,6150,Koramangala,1Fam,2Story,4,7,2009,2019,PConc,1333.0,1637,196,1833,1,1,2,4,1,0.0,82.0,N,Y,Ex,15199997
1272,RM,9116,Powai,Duplex,1Story,9,4,1989,1995,BrkTil,692.0,1189,350,1539,1,0,3,5,2,,142.0,Y,N,TA,10847169
1273,FV,7383,Bandra,1Fam,2Story,4,7,1995,2004,CBlock,1274.0,1326,389,1715,3,0,4,9,0,0.0,0.0,Y,Y,Gd,15026605
1274,RM,9397,Koramangala,1Fam,1Story,5,7,1996,2012,CBlock,1181.0,820,737,1557,3,1,3,7,1,2.0,456.0,Y,N,TA,10804361
1275,RL,8596,Whitefield,Apartment,1Story,3,6,1990,2004,PConc,1137.0,1021,440,1461,2,1,4,7,0,2.0,370.0,Y,Y,TA,11921684
1276,RM,4646,Saket,Apartment,2Story,6,9,1987,2004,PConc,1029.0,1170,672,1842,2,0,4,8,2,2.0,,N,Y,Gd,10276658
1277,RL,6795,Saket,1Fam,1Story,8,4,1982,2000,CBlock,679.0,1395,1,1396,2,1,3,6,0,1.0,,Y,Y,Gd,10453834
1278,C,8979,Viman Nagar,1Fam,SplitLevel,6,3,1985,1986,PConc,442.0,526,279,805,2,1,2,5,0,3.0,,Y,Y,TA,9071234
1279,RM,4555,Sector17,1Fam,1Story,8,3,1978,1981,CBlock,353.0,624,39,663,1,0,5,7,1,1.0,232.0,N,Y,TA,7950512
1280,RM,7839,Indiranagar,Apartment,2Story,3,8,1981,1983,PConc,796.0,1418,274,1692,1,1,4,7,2,2.0,359.0,Y,N,TA,10666739
1281,RL,6921,Saket,Duplex,2Story,3,5,2013,2019,PConc,884.0,922,454,1376,3,0,5,10,1,2.0,386.0,Y,Y,TA,9567815
1282,RL,3490,Malad,1Fam,1Story,3,8,2007,2024,BrkTil,434.0,567,168,735,2,0,2,5,1,3.0,619.0,Y,N,TA,7530320
1283,RL,7239,Koramangala,1Fam,2Story,4,8,1988,1997,CBlock,1233.0,1521,132,1653,2,1,5,9,0,1.0,187.0,Y,Y,TA,11565384
1284,RL,5325,Malad,Duplex,2Story,9,3,1976,1982,PConc,641.0,1462,91,1553,2,1,5,8,2,2.0,371.0,Y,Y,Gd,10323744
1285,RL,4664,Whitefield,1Fam,SplitLevel,8,6,2004,2011,BrkTil,887.0,783,567,1350,1,1,3,5,1,0.0,0.0,Y,Y,Ex,16223823
1286,RL,7018,Saket,Apartment,1Story,9,7,2017,2022,CBlock,1215.0,1154,569,1723,3,1,3,8,2,0.0,72.0,N,Y,Gd,12268914
1287,RL,3138,Indiranagar,Apartment,1Story,4,9,1987,1987,CBlock,1588.0,1506,751,2257,1,1,2,5,1,2.0,481.0,Y,N,Ex,15815504
1288,FV,5651,Whitefield,Apartment,1Story,4,7,1985,1988,PConc,,1168,1074,2242,3,1,3,7,0,0.0,16.0,Y,Y,Ex,15481328
1289,RL,12102,Powai,Duplex,2Story,7,7,2008,2021,PConc,1155.0,1335,336,1671,3,0,4,9,1,3.0,588.0,Y,Y,Fa,11334216
1290,RL,8300,Powai,1Fam,1Story,6,4,1973,1989,CBlock,,1443,114,1557,1,1,2,5,1,2.0,391.0,Y,Y,TA,10486876
1291,C,5237,Malad,1Fam,1Story,6,3,1994,2013,PConc,894.0,1159,519,1678,1,0,3,6,1,1.0,241.0,N,N,TA,9458181
1292,FV,9808,Sector17,Duplex,1Story,5,9,2001,2018,PConc,1054.0,1526,228,1754,3,1,3,7,2,2.0,451.0,Y,Y,TA,10745919
1293,RL,5015,Bandra,1Fam,1Story,10,6,2009,2019,PConc,594.0,1192,273,1465,1,1,2,4,0,,572.0,N,Y,Gd,16015773
1294,RL,5892,Sector17,1Fam,2Story,4,4,1982,1995,PConc,679.0,1160,527,1687,1,1,4,7,2,,253.0,Y,Y,Ex,11668798
1295,RL,4702,Viman Nagar,1Fam,1Story,8,5,2014,2022,CBlock,403.0,463,350,813,3,1,2,6,1,3.0,630.0,Y,Y,Fa,9969536
1296,RL,7512,Sector17,1Fam,1Story,7,6,1986,2000,PConc,722.0,1401,239,1640,3,1,3,7,0,0.0,52.0,N,Y,Ex,12650820
1297,C,9737,Viman Nagar,1Fam,1Story,7,8,2018,2024,PConc,926.0,1704,134,1838,2,0,3,7,2,0.0,0.0,Y,Y,TA,13515170
1298,RM,5001,Viman Nagar,Duplex,2Story,10,6,2006,2015,BrkTil,637.0,1142,213,1355,1,0,2,4,1,0.0,0.0,Y,Y,Ex,13858476
1299,RL,2879,Indiranagar,1Fam,SplitLevel,9,6,1975,1993,CBlock,638.0,789,763,1552,3,0,4,9,0,3.0,591.0,Y,Y,Gd,13132313
1300,C,9181,Saket,1Fam,2Story,10,7,1988,2006,PConc,797.0,634,410,1044,1,1,4,6,0,3.0,576.0,N,N,Ex,10135373
1301,RM,10107,Indiranagar,1Fam,1Story,10,6,1982,1987,CBlock,392.0,520,454,974,1,1,5,7,1,2.0,495.0,N,Y,TA,11706030
1302,FV,3009,Viman Nagar,1Fam,1Story,10,8,1995,2014,PConc,1184.0,1338,367,1705,3,1,4,9,0,1.0,179.0,N,N,TA,11560473
1303,FV,7920,Whitefield,Apartment,1Story,6,8,1983,1988,PConc,569.0,1084,151,1235,2,0,2,5,0,1.0,223.0,Y,Y,TA,11806605
1304,RL,7453,Powai,1Fam,2Story,4,3,2000,2007,CBlock,543.0,394,317,711,3,0,4,9,2,3.0,607.0,Y,Y,TA,10759816
1305,RL,5425,Viman Nagar,1Fam,1Story,5,6,1973,1973,CBlock,790.0,959,85,1044,3,1,4,8,0,3.0,585.0,Y,Y,Fa,7788864
1306,RL,4211,Indiranagar,1Fam,SplitLevel,4,7,2008,2024,BrkTil,738.0,867,249,1116,1,0,5,7,2,0.0,0.0,Y,Y,TA,11910224
1307,FV,8983,Whitefield,Apartment,SplitLevel,9,6,1977,1993,CBlock,1329.0,1678,309,1987,2,1,4,7,2,3.0,702.0,Y,N,TA,12894522
1308,FV,7358,Indiranagar,1Fam,1Story,3,5,1994,2008,BrkTil,679.0,1664,25,1689,3,1,5,10,2,0.0,0.0,Y,N,Gd,12982448
1309,RL,7508,Sector17,1Fam,1Story,10,5,1982,1988,BrkTil,924.0,630,534,1164,1,0,5,7,2,3.0,643.0,Y,Y,TA,9552512
1310,RL,5756,Koramangala,1Fam,1Story,4,7,2001,2019,CBlock,980.0,1241,65,1306,3,0,4,8,0,1.0,199.0,Y,N,TA,9602242
1311,RL,5396,Malad,1Fam,1Story,9,3,2007,2009,BrkTil,1710.0,1270,986,2256,1,0,3,6,0,2.0,377.0,N,Y,Ex,14548014
1312,RM,2090,Bandra,1Fam,2Story,3,3,2007,2017,CBlock,1372.0,1440,628,2068,3,0,2,7,2,3.0,605.0,N,N,Ex,17500271
1313,RL,6543,Indiranagar,Duplex,2Story,3,8,1997,2016,PConc,559.0,962,78,1040,2,1,2,5,0,,15.0,Y,Y,Gd,11406239
1314,RL,9877,Bandra,1Fam,1Story,10,8,2022,2024,PConc,1652.0,2078,103,2181,3,1,4,9,2,2.0,376.0,Y,N,Gd,16216351
1315,RL,5219,Andheri,Duplex,2Story,5,4,1999,2007,PConc,805.0,1174,385,1559,1,0,2,5,2,0.0,,Y,N,TA,9329862
1316,RM,3955,Indiranagar,1Fam,2Story,8,7,1972,1981,BrkTil,1249.0,1593,406,1999,3,0,2,7,2,0.0,23.0,Y,Y,TA,13005425
1317,C,7871,Koramangala,1Fam,SplitLevel,6,6,1997,1998,CBlock,667.0,1296,222,1518,2,0,5,9,1,2.0,405.0,Y,Y,Fa,9030721
1318,RL,8240,Bandra,Duplex,2Story,4,9,1972,1972,CBlock,1685.0,2008,184,2192,2,0,3,6,0,2.0,367.0,N,Y,TA,13333551
1319,RL,5828,Viman Nagar,1Fam,2Story,3,7,2014,2024,PConc,465.0,571,449,1020,2,1,2,6,0,2.0,353.0,Y,Y,TA,10831669
1320,RM,6302,Indiranagar,Duplex,1Story,4,4,2003,2020,PConc,721.0,1332,140,1472,2,1,3,6,2,3.0,617.0,Y,Y,Gd,14021659
1321,FV,7527,Saket,Duplex,2Story,8,8,1985,2001,PConc,1376.0,1635,573,2208,1,1,2,4,0,2.0,304.0,Y,Y,TA,10294728
1322,RL,6688,Malad,Apartment,1Story,6,7,1991,1996,BrkTil,423.0,435,165,600,3,1,3,7,2,,586.0,Y,Y,TA,8063156
1323,RL,9000,Koramangala,1Fam,2Story,8,7,2001,2014,BrkTil,1020.0,1122,454,1576,2,1,3,7,0,1.0,206.0,Y,Y,TA,11885957
1324,RL,11874,Bandra,1Fam,1Story,6,8,2007,2021,CBlock,691.0,1058,345,1403,3,1,2,7,2,1.0,286.0,Y,Y,Gd,15107954
1325,RL,3581,Koramangala,1Fam,1Story,7,4,1977,1990,PConc,777.0,1888,54,1942,1,1,5,7,2,0.0,0.0,Y,Y,TA,11556377
1326,RL,9459,Whitefield,1Fam,1Story,6,8,1977,1979,PConc,1499.0,1651,483,2134,3,0,3,7,1,0.0,0.0,Y,Y,Gd,12820957
1327,RL,7210,Malad,1Fam,1Story,10,3,1975,1993,PConc,1560.0,1918,47,1965,3,1,3,8,2,3.0,614.0,Y,Y,TA,10689361
1328,RL,9776,Viman Nagar,1Fam,1Story,5,6,1983,1994,PConc,1245.0,1015,705,1720,2,0,2,6,1,0.0,0.0,Y,Y,TA,10921671
1329,RM,8448,Indiranagar,1Fam,SplitLevel,8,8,2001,2002,CBlock,946.0,1396,224,1620,2,0,3,6,0,1.0,189.0,Y,Y,TA,14262183
1330,RL,7122,Indiranagar,1Fam,1Story,3,4,2004,2006,PConc,1087.0,1293,135,1428,1,0,3,6,0,3.0,,Y,Y,Ex,14308662
1331,RL,8520,Indiranagar,Duplex,2Story,10,5,1979,1996,CBlock,960.0,1430,274,1704,3,1,5,10,1,3.0,631.0,N,Y,Gd,14505919
1332,RL,6211,Malad,Duplex,1Story,7,3,1972,1972,CBlock,1420.0,1871,458,2329,1,1,3,5,0,2.0,366.0,Y,Y,Gd,10674540
1333,RL,5451,Saket,1Fam,1Story,5,5,1981,2000,PConc,699.0,926,258,1184,1,1,5,8,1,3.0,599.0,Y,N,TA,8031162
1334,RL,8621,Andheri,Duplex,1Story,4,9,2018,2023,PConc,809.0,1300,98,1398,1,1,3,6,0,0.0,0.0,N,Y,Gd,11118498
1335,C,5311,Powai,1Fam,1Story,10,8,2000,2004,BrkTil,1109.0,1422,140,1562,2,0,3,6,1,1.0,225.0,Y,N,TA,10624962
1336,RL,8284,Sector17,1Fam,1Story,8,3,1998,1998,PConc,1282.0,1178,922,2100,2,1,5,9,1,0.0,0.0,N,Y,Gd,11562265
1337,RL,7061,Bandra,1Fam,1Story,9,6,1974,1992,CBlock,901.0,1581,130,1711,3,0,5,9,2,1.0,294.0,N,N,Ex,15265658
1338,RL,2341,Saket,Duplex,1Story,9,8,2021,2021,PConc,1052.0,1478,613,2091,3,1,4,9,0,2.0,417.0,Y,Y,TA,11809767
1339,C,5851,Viman Nagar,1Fam,SplitLevel,3,6,1994,2009,CBlock,,1327,790,2117,3,1,3,7,2,1.0,156.0,N,Y,TA,12393292
1340,RL,7669,Bandra,1Fam,1Story,6,7,2010,2021,PConc,1200.0,1772,124,1896,2,0,5,9,1,2.0,345.0,Y,N,TA,12917444
1341,RL,6187,Indiranagar,Apartment,2Story,3,5,2000,2007,CBlock,525.0,764,304,1068,2,0,3,6,2,,33.0,Y,Y,Gd,13816079
1342,RL,2000,Koramangala,1Fam,SplitLevel,9,3,1990,2005,CBlock,1115.0,2197,233,2430,1,0,3,6,1,2.0,489.0,N,N,Ex,14978648
1343,RL,9641,Viman Nagar,Apartment,2Story,4,6,1989,1989,PConc,1525.0,1456,850,2306,2,1,3,7,0,3.0,674.0,N,Y,Ex,15433999
1344,RM,7338,Bandra,1Fam,SplitLevel,7,4,2008,2011,PConc,1096.0,818,813,1631,1,1,2,5,0,3.0,539.0,Y,Y,Ex,17878169
1345,RL,7887,Indiranagar,Duplex,1Story,7,6,1991,2000,BrkTil,637.0,679,230,909,1,0,4,6,0,1.0,210.0,Y,Y,TA,11377198
1346,C,6053,Bandra,Duplex,2Story,8,4,1973,1983,PConc,492.0,450,369,819,2,1,2,6,1,0.0,56.0,Y,N,Gd,11621589
1347,RL,8062,Koramangala,Apartment,1Story,7,8,1982,1998,CBlock,1308.0,1514,213,1727,1,0,4,6,2,0.0,,Y,Y,Fa,9340706
1348,FV,10669,Indiranagar,Apartment,1Story,8,3,2014,2020,CBlock,967.0,796,453,1249,1,1,3,6,0,,251.0,Y,Y,TA,14082529
1349,RL,5529,Andheri,Apartment,2Story,10,6,2011,2022,PConc,535.0,534,207,741,3,0,3,8,1,3.0,564.0,N,Y,TA,10858714
1350,C,10334,Saket,1Fam,SplitLevel,8,9,2019,2024,PConc,529.0,440,370,810,1,0,5,8,2,2.0,389.0,Y,N,Fa,6956779
1351,RL,7797,Whitefield,Duplex,SplitLevel,10,6,2018,2024,PConc,711.0,878,487,1365,2,1,4,8,1,1.0,213.0,Y,Y,Gd,16062096
1352,RL,5261,Sector17,Duplex,1Story,8,9,1989,2003,CBlock,1346.0,1511,186,1697,2,0,4,8,1,2.0,453.0,Y,N,Ex,11961855
1353,RL,11424,Malad,1Fam,1Story,9,3,2021,2022,CBlock,,1325,977,2302,1,1,2,5,0,2.0,476.0,Y,Y,TA,12746975
1354,C,7783,Sector17,Apartment,2Story,9,6,1982,1995,BrkTil,886.0,1517,325,1842,3,1,4,8,1,0.0,0.0,Y,Y,Gd,12080023
1355,RL,8352,Viman Nagar,1Fam,2Story,6,4,1986,1998,CBlock,812.0,1350,59,1409,2,0,3,6,1,3.0,576.0,Y,Y,Fa,9203439
1356,RL,6461,Sector17,1Fam,1Story,10,6,2005,2008,CBlock,756.0,1502,287,1789,2,0,5,9,2,2.0,372.0,Y,Y,Fa,10001031
1357,RL,5407,Indiranagar,1Fam,1Story,5,5,2002,2015,PConc,1380.0,1580,165,1745,3,1,2,7,0,3.0,,Y,Y,Fa,12541456
1358,FV,7335,Andheri,1Fam,2Story,10,8,1970,1983,CBlock,1251.0,1091,878,1969,1,1,5,8,1,0.0,49.0,Y,Y,Fa,8646576
1359,RL,10162,Whitefield,1Fam,2Story,8,7,1984,1999,PConc,983.0,988,592,1580,2,0,4,8,1,1.0,244.0,Y,Y,TA,11452977
1360,RL,6380,Saket,1Fam,1Story,8,4,1982,1988,PConc,1402.0,2006,112,2118,1,0,4,7,2,1.0,213.0,Y,Y,TA,10218571
1361,FV,6946,Saket,1Fam,2Story,5,5,1986,2004,CBlock,1204.0,1725,287,2012,1,0,2,4,1,0.0,18.0,Y,Y,Ex,10549180
1362,FV,9912,Koramangala,1Fam,2Story,3,9,1993,1994,CBlock,,1345,296,1641,1,1,4,7,1,0.0,0.0,Y,Y,TA,10185166
1363,RL,6399,Malad,Apartment,SplitLevel,8,8,1977,1986,PConc,993.0,1281,259,1540,1,1,5,8,1,2.0,393.0,Y,Y,Gd,11079990
1364,C,8020,Bandra,1Fam,2Story,6,3,2019,2024,CBlock,1413.0,1455,604,2059,2,1,3,6,1,0.0,42.0,Y,Y,TA,14125239
1365,RL,8754,Andheri,1Fam,1Story,7,4,1996,2012,PConc,704.0,649,594,1243,3,0,2,6,1,1.0,213.0,N,Y,Fa,8304601
1366,RL,6606,Bandra,1Fam,SplitLevel,7,7,2014,2018,BrkTil,594.0,754,92,846,2,0,4,7,2,3.0,576.0,N,Y,Gd,13133614
1367,C,7619,Whitefield,1Fam,1Story,4,8,1992,2003,PConc,413.0,707,136,843,3,1,5,10,1,3.0,654.0,Y,N,Ex,12250266
1368,RM,8322,Sector17,1Fam,SplitLevel,4,9,2015,2020,PConc,586.0,884,317,1201,1,1,3,6,1,3.0,569.0,Y,Y,Gd,10959835
1369,RL,6198,Saket,1Fam,2Story,7,7,1977,1985,CBlock,896.0,1832,97,1929,3,0,4,9,1,3.0,607.0,Y,N,TA,8779608
1370,RL,8631,Whitefield,Duplex,SplitLevel,7,3,1977,1996,CBlock,761.0,927,461,1388,1,1,2,5,1,0.0,0.0,Y,Y,TA,10688806
1371,RL,5906,Sector17,Duplex,1Story,9,3,1995,1995,CBlock,1257.0,1101,601,1702,2,0,4,8,0,0.0,0.0,Y,N,TA,9785546
1372,RM,5649,Saket,1Fam,2Story,6,9,2016,2024,CBlock,988.0,1266,86,1352,2,0,4,7,0,3.0,600.0,N,Y,TA,10573029
1373,FV,3945,Sector17,1Fam,2Story,5,4,1982,1987,BrkTil,,1218,138,1356,3,0,4,9,0,0.0,0.0,Y,Y,Ex,11579917
1374,RL,5993,Malad,Apartment,2Story,4,9,2008,2024,CBlock,690.0,823,264,1087,1,1,3,6,0,,388.0,Y,Y,TA,8781560
1375,C,5368,Andheri,1Fam,1Story,9,6,2006,2023,CBlock,1069.0,878,676,1554,1,1,3,6,2,0.0,60.0,Y,Y,TA,11041560
1376,RL,6198,Viman Nagar,1Fam,1Story,9,3,2018,2023,CBlock,750.0,918,594,1512,3,0,4,8,0,2.0,393.0,N,Y,Ex,15186403
1377,RM,8223,Whitefield,Apartment,2Story,5,8,1997,2009,BrkTil,843.0,1495,311,1806,1,0,4,7,2,2.0,444.0,Y,Y,Gd,14330093
1378,RL,3548,Whitefield,Apartment,1Story,9,6,1994,1994,PConc,1374.0,1207,536,1743,1,1,2,5,0,0.0,0.0,Y,Y,TA,11733864
1379,RL,3050,Powai,1Fam,2Story,10,5,1985,1997,CBlock,971.0,1378,123,1501,1,0,4,7,2,3.0,627.0,N,N,Fa,9469320
1380,RL,5501,Indiranagar,1Fam,1Story,6,7,1971,1977,CBlock,670.0,824,22,846,2,1,5,9,0,2.0,349.0,Y,N,TA,9135737
1381,FV,7922,Malad,1Fam,SplitLevel,7,6,1987,2001,PConc,1142.0,1927,208,2135,2,1,5,8,1,,0.0,Y,Y,Fa,9015409
1382,RL,7577,Malad,1Fam,1Story,8,7,1986,1997,CBlock,1060.0,1072,485,1557,2,1,2,5,0,1.0,229.0,Y,Y,Ex,11832203
1383,RL,5469,Bandra,Duplex,1Story,5,9,1999,1999,PConc,801.0,1465,174,1639,1,0,3,5,0,,,N,N,Fa,10329092
1384,C,9338,Sector17,1Fam,1Story,7,6,2008,2022,PConc,,1621,779,2400,2,0,4,8,0,,247.0,N,N,Ex,14019085
1385,RL,5683,Indiranagar,Apartment,2Story,7,9,1982,1985,BrkTil,1242.0,1198,856,2054,1,0,2,4,1,2.0,433.0,Y,Y,Gd,13441586
1386,RL,7924,Andheri,1Fam,2Story,3,5,2001,2013,PConc,962.0,941,882,1823,1,0,3,5,2,1.0,184.0,Y,Y,Gd,11320427
1387,RL,6274,Andheri,1Fam,2Story,10,3,2019,2023,CBlock,746.0,1107,491,1598,3,1,2,7,2,0.0,64.0,Y,Y,TA,10999895
1388,C,5262,Malad,1Fam,2Story,5,5,1998,1999,PConc,805.0,1517,77,1594,1,0,3,6,1,3.0,621.0,Y,N,Gd,9853237
1389,RL,5789,Andheri,1Fam,1Story,9,3,2015,2015,CBlock,712.0,1065,655,1720,2,1,4,7,0,2.0,387.0,Y,Y,Ex,13515901
1390,RL,8468,Powai,1Fam,SplitLevel,8,9,1999,2014,PConc,1229.0,1087,716,1803,2,0,2,5,0,0.0,7.0,Y,Y,Gd,14105856
1391,RL,7722,Whitefield,Duplex,SplitLevel,5,3,1987,1992,PConc,1465.0,2417,38,2455,1,0,4,6,0,3.0,604.0,Y,Y,Ex,15930387
1392,FV,8936,Koramangala,Apartment,1Story,9,7,1982,1997,BrkTil,1241.0,1453,1383,2836,2,0,2,5,2,2.0,410.0,Y,N,Gd,14713267
1393,RL,7721,Viman Nagar,Apartment,SplitLevel,7,8,2012,2024,PConc,817.0,1558,187,1745,1,0,3,6,2,2.0,392.0,Y,Y,TA,12861991
1394,RL,3777,Bandra,Duplex,2Story,8,5,1990,1992,PConc,264.0,396,204,600,3,0,2,7,1,2.0,418.0,N,Y,Gd,11789900
1395,RM,11228,Sector17,Apartment,2Story,9,6,1999,2013,PConc,725.0,583,541,1124,1,1,5,7,1,2.0,439.0,Y,Y,Gd,11137146
1396,RL,7750,Viman Nagar,1Fam,2Story,6,5,1990,1992,PConc,1096.0,2402,103,2505,1,0,5,7,2,1.0,221.0,Y,N,Ex,13328832
1397,RL,8029,Sector17,1Fam,2Story,9,7,2017,2018,PConc,1374.0,1116,843,1959,3,0,2,6,0,1.0,219.0,Y,Y,Ex,16049288
1398,FV,6246,Saket,Duplex,SplitLevel,3,3,1986,1986,PConc,740.0,1406,407,1813,2,0,5,9,0,1.0,194.0,N,Y,Gd,9466133
1399,RL,9226,Viman Nagar,1Fam,2Story,10,7,2009,2017,CBlock,757.0,965,551,1516,3,0,4,9,0,2.0,355.0,Y,Y,TA,12864853
1400,RM,4813,Koramangala,1Fam,1Story,7,4,1988,1996,CBlock,760.0,535,470,1005,3,0,5,10,0,1.0,143.0,N,Y,Gd,10680341
1401,C,8219,Malad,Duplex,2Story,9,4,2021,2024,CBlock,1675.0,1279,1159,2438,1,1,5,7,1,3.0,564.0,Y,Y,Ex,15290290
1402,RL,2840,Powai,Apartment,1Story,10,6,1984,1986,CBlock,509.0,662,526,1188,1,0,4,7,1,2.0,379.0,Y,Y,TA,9703032
1403,RL,8354,Whitefield,1Fam,2Story,4,7,1978,1995,PConc,1430.0,1052,912,1964,3,1,4,8,2,3.0,683.0,Y,Y,TA,11547292
1404,FV,4840,Whitefield,1Fam,2Story,4,9,2021,2024,BrkTil,566.0,835,114,949,2,0,3,6,1,3.0,,N,N,Gd,11557106
1405,RM,7553,Powai,1Fam,1Story,10,6,1979,1985,PConc,1102.0,1108,384,1492,3,1,4,9,0,1.0,,Y,Y,Gd,14152634
1406,RL,9714,Indiranagar,1Fam,1Story,10,9,2013,2021,BrkTil,1342.0,1407,689,2096,2,0,2,5,2,2.0,422.0,Y,Y,Ex,19391142
1407,RL,8645,Saket,1Fam,2Story,3,6,2000,2000,PConc,992.0,1046,429,1475,3,0,5,10,1,1.0,196.0,N,Y,Ex,10642656
1408,RM,9448,Sector17,Apartment,1Story,6,4,2022,2024,BrkTil,1128.0,1364,51,1415,3,1,3,8,1,1.0,211.0,Y,Y,Gd,12134010
1409,RL,9241,Koramangala,1Fam,1Story,7,6,1992,2011,CBlock,791.0,1533,72,1605,2,0,4,7,1,1.0,172.0,N,Y,Ex,13665423
1410,RL,5951,Andheri,1Fam,2Story,5,4,2021,2024,PConc,604.0,798,133,931,3,1,5,9,1,2.0,512.0,Y,Y,Gd,9999234
1411,FV,8196,Viman Nagar,Duplex,SplitLevel,3,3,1999,2005,BrkTil,488.0,788,49,837,1,0,2,5,1,2.0,493.0,Y,Y,TA,9164063
1412,RL,3550,Saket,1Fam,2Story,6,9,2002,2011,PConc,813.0,1291,666,1957,3,1,2,7,0,,185.0,Y,Y,Fa,8720487
1413,C,5626,Viman Nagar,Duplex,1Story,10,7,2021,2024,CBlock,563.0,958,430,1388,1,1,3,6,0,3.0,570.0,Y,Y,TA,13274677
1414,RM,9785,Koramangala,1Fam,2Story,5,6,1978,1979,BrkTil,874.0,1575,378,1953,2,1,2,6,0,3.0,646.0,Y,Y,TA,10509200
1415,RL,6229,Bandra,Duplex,1Story,10,4,2016,2019,PConc,1424.0,1752,407,2159,2,0,5,9,1,2.0,339.0,Y,Y,Gd,17787111
1416,RM,3263,Bandra,1Fam,2Story,10,5,1970,1986,PConc,1378.0,1629,570,2199,1,1,4,7,2,0.0,42.0,Y,Y,Ex,16058833
1417,RL,11027,Saket,1Fam,2Story,4,9,2013,2013,CBlock,490.0,552,237,789,3,0,2,7,0,1.0,206.0,Y,Y,Gd,8859319
1418,RL,8124,Malad,1Fam,SplitLevel,4,6,2004,2013,CBlock,516.0,1242,9,1251,1,1,4,6,0,1.0,128.0,Y,Y,TA,8601649
1419,RL,8528,Koramangala,Duplex,SplitLevel,5,8,1980,1998,BrkTil,1097.0,1700,168,1868,1,1,5,8,1,0.0,0.0,Y,Y,TA,10364048
1420,RL,5039,Koramangala,1Fam,1Story,3,3,2003,2017,CBlock,1444.0,1346,530,1876,2,1,5,8,2,2.0,367.0,Y,Y,TA,11671738
1421,RM,7568,Powai,1Fam,SplitLevel,4,3,1985,1994,PConc,1522.0,2352,372,2724,1,0,4,6,0,3.0,608.0,Y,Y,Gd,14336083
1422,FV,7515,Malad,Apartment,SplitLevel,7,5,1978,1996,CBlock,744.0,727,419,1146,3,0,5,10,0,2.0,402.0,Y,N,Gd,8130424
1423,C,5357,Sector17,1Fam,2Story,10,4,2001,2012,BrkTil,1554.0,1201,983,2184,1,0,3,6,2,3.0,532.0,N,Y,TA,13037225
1424,RL,6660,Sector17,Duplex,1Story,8,6,1984,1999,PConc,1274.0,1207,579,1786,2,1,2,6,1,3.0,583.0,Y,Y,TA,10351179
1425,RM,3999,Andheri,Duplex,2Story,9,9,1981,1989,PConc,473.0,546,233,779,3,0,3,8,2,2.0,428.0,Y,N,Gd,9099418
1426,RL,6306,Whitefield,Apartment,1Story,5,4,2002,2016,PConc,985.0,673,653,1326,2,0,3,7,1,1.0,237.0,Y,Y,TA,11850152
1427,RL,8947,Bandra,Apartment,2Story,5,3,2014,2024,BrkTil,,1570,161,1731,1,1,3,5,0,1.0,181.0,N,Y,Gd,15079241
1428,RL,5506,Sector17,1Fam,1Story,4,4,1983,1996,PConc,564.0,507,240,747,1,1,4,6,2,1.0,222.0,Y,N,TA,6908397
1429,RL,10814,Malad,Duplex,2Story,3,3,1977,1994,BrkTil,297.0,474,126,600,2,0,4,8,2,3.0,,N,Y,Gd,7259759
1430,RL,4127,Koramangala,1Fam,SplitLevel,10,4,1977,1978,BrkTil,368.0,386,333,719,2,0,5,9,0,1.0,197.0,N,Y,TA,8992214
1431,RL,6479,Sector17,1Fam,1Story,7,5,1996,1999,PConc,728.0,1015,714,1729,3,0,4,9,0,3.0,623.0,Y,Y,TA,10267996
1432,RL,5687,Koramangala,1Fam,2Story,3,7,1981,1998,PConc,974.0,1282,75,1357,2,1,5,9,1,1.0,153.0,Y,Y,Fa,8963129
1433,RL,6639,Sector17,1Fam,1Story,6,5,1970,1976,PConc,731.0,1037,253,1290,2,1,4,7,0,2.0,400.0,Y,Y,Fa,6626159
1434,FV,9742,Bandra,1Fam,2Story,6,5,2012,2024,PConc,642.0,1274,33,1307,1,1,5,7,0,0.0,0.0,Y,Y,Gd,15518153
1435,FV,5031,Viman Nagar,Duplex,2Story,8,7,2009,2023,PConc,437.0,886,1,887,1,1,2,4,2,,597.0,Y,Y,Gd,11527746
1436,RM,6097,Sector17,Apartment,1Story,4,7,2011,2011,CBlock,1042.0,940,431,1371,2,1,5,9,1,2.0,471.0,Y,Y,Gd,12034494
1437,RL,8309,Malad,Apartment,2Story,4,6,2020,2024,CBlock,505.0,447,242,689,2,0,2,6,0,3.0,584.0,Y,Y,Ex,10555473
1438,RM,7186,Sector17,1Fam,SplitLevel,4,9,1980,1989,BrkTil,1362.0,2037,156,2193,1,0,5,8,2,3.0,666.0,Y,N,Ex,13036116
1439,RM,7350,Whitefield,1Fam,1Story,8,9,2008,2012,PConc,1581.0,2444,2,2446,3,0,4,8,0,2.0,384.0,Y,Y,Ex,18600709
1440,RM,5069,Bandra,Duplex,2Story,6,6,2012,2024,CBlock,353.0,488,112,600,3,1,4,8,0,1.0,145.0,Y,Y,TA,12060069
1441,RL,6856,Malad,1Fam,2Story,3,5,2000,2010,CBlock,759.0,1225,140,1365,3,1,2,6,0,3.0,633.0,Y,Y,Gd,9843568
1442,RL,9263,Powai,Duplex,1Story,8,5,1986,1991,PConc,1070.0,1244,153,1397,3,0,3,8,0,0.0,23.0,Y,Y,Ex,13789508
1443,RL,3780,Malad,Duplex,SplitLevel,8,3,2002,2010,PConc,680.0,1024,488,1512,1,0,3,5,1,0.0,115.0,Y,Y,TA,9518480
1444,RL,5605,Whitefield,1Fam,2Story,3,3,2001,2013,CBlock,1191.0,1652,448,2100,2,0,5,9,2,2.0,351.0,Y,Y,TA,13607671
1445,RL,3368,Viman Nagar,1Fam,1Story,4,9,1998,2005,BrkTil,734.0,1251,115,1366,3,1,4,8,2,0.0,17.0,Y,Y,TA,10911886
1446,RM,8073,Bandra,1Fam,1Story,7,6,1990,2003,PConc,931.0,1312,243,1555,1,1,3,6,0,2.0,419.0,Y,N,TA,11829653
1447,RM,9450,Powai,1Fam,1Story,3,8,1990,1990,CBlock,1801.0,1577,1512,3089,2,1,4,8,2,2.0,452.0,Y,Y,Ex,18546047
1448,RL,6633,Whitefield,1Fam,2Story,6,8,2009,2024,BrkTil,938.0,1031,513,1544,3,1,4,9,0,3.0,626.0,Y,Y,Ex,16996695
1449,RL,4988,Whitefield,Apartment,2Story,5,6,1992,1996,PConc,1132.0,1420,1063,2483,2,1,4,8,2,2.0,385.0,N,Y,TA,12806553
1450,RM,5047,Saket,1Fam,2Story,10,3,1975,1976,PConc,1119.0,1140,710,1850,3,0,5,9,1,2.0,346.0,Y,Y,Gd,10820507
1451,RL,6405,Bandra,1Fam,2Story,5,9,1991,1999,CBlock,657.0,1260,63,1323,2,0,2,5,1,1.0,217.0,Y,N,Gd,12957730
1452,RL,6398,Malad,1Fam,1Story,9,9,2019,2022,PConc,586.0,642,597,1239,3,1,5,9,2,3.0,618.0,N,Y,Gd,10106520
1453,C,8823,Koramangala,1Fam,2Story,9,3,2007,2023,CBlock,679.0,973,623,1596,3,1,3,8,0,0.0,31.0,Y,N,Fa,8935869
1454,RL,5662,Viman Nagar,Apartment,SplitLevel,8,8,2006,2022,PConc,730.0,678,358,1036,2,0,2,5,0,1.0,185.0,Y,Y,TA,10772811
1455,C,7870,Koramangala,1Fam,SplitLevel,10,4,2014,2024,BrkTil,666.0,944,224,1168,2,1,3,7,0,1.0,213.0,N,Y,TA,11423377
1456,C,6389,Malad,Apartment,1Story,5,4,2020,2024,CBlock,903.0,1064,324,1388,2,1,2,5,0,3.0,522.0,Y,Y,Gd,11467213
1457,C,5510,Malad,Apartment,2Story,7,3,1977,1984,PConc,1206.0,1063,683,1746,1,0,2,4,1,3.0,548.0,Y,Y,Fa,7963074
1458,RL,6339,Bandra,Apartment,1Story,4,4,2010,2020,PConc,1687.0,1462,1050,2512,1,1,5,8,0,1.0,246.0,Y,Y,TA,15132277
1459,RL,7673,Malad,1Fam,1Story,6,7,2018,2024,CBlock,798.0,839,518,1357,2,1,4,8,0,3.0,,Y,Y,Ex,13229806
1460,RL,8829,Saket,1Fam,2Story,9,6,2004,2013,PConc,1015.0,1374,456,1830,1,0,4,7,0,3.0,623.0,N,Y,TA,10605869
1461,RL,6496,Powai,Duplex,1Story,7,6,2020,2024,CBlock,432.0,499,287,786,3,1,2,6,0,2.0,370.0,N,N,Gd,11680450
1462,RL,4592,Malad,Duplex,1Story,6,3,1980,1996,PConc,1397.0,2074,56,2130,2,1,5,9,1,3.0,563.0,Y,N,Ex,12283662
1463,RM,8999,Koramangala,Duplex,2Story,6,5,1993,2010,PConc,441.0,540,199,739,1,0,3,5,2,2.0,378.0,N,Y,Gd,12272731
1464,FV,5203,Malad,1Fam,SplitLevel,4,8,2018,2024,PConc,1478.0,1058,941,1999,2,0,3,6,2,1.0,211.0,N,N,TA,10050911
1465,C,7521,Saket,1Fam,SplitLevel,10,3,1990,2005,PConc,1169.0,1347,212,1559,3,1,4,8,0,1.0,234.0,N,Y,Gd,10137074
1466,RL,6950,Sector17,Apartment,2Story,8,4,2020,2024,PConc,720.0,1022,517,1539,3,0,4,9,0,0.0,0.0,Y,Y,TA,11897218
1467,RM,6682,Sector17,1Fam,1Story,5,8,1971,1975,CBlock,658.0,1197,252,1449,1,0,3,5,2,3.0,517.0,Y,Y,TA,9969630
1468,RL,6026,Whitefield,1Fam,1Story,4,5,2009,2021,CBlock,618.0,607,342,949,3,1,3,8,1,1.0,220.0,Y,Y,TA,11393918
1469,RL,8240,Viman Nagar,1Fam,2Story,7,4,1988,2005,CBlock,507.0,765,210,975,2,0,5,9,1,2.0,413.0,Y,N,Gd,9798752
1470,C,2000,Andheri,Duplex,SplitLevel,8,9,2008,2024,PConc,822.0,1788,230,2018,1,1,3,5,1,1.0,223.0,Y,Y,Gd,13174128
1471,RL,9272,Powai,1Fam,SplitLevel,7,7,1997,2005,PConc,1212.0,1547,58,1605,2,0,5,8,1,3.0,642.0,Y,Y,Ex,14988194
1472,RL,5174,Indiranagar,1Fam,2Story,8,4,1986,1999,PConc,709.0,911,535,1446,2,0,4,7,1,0.0,38.0,N,Y,Ex,13881030
1473,C,7815,Whitefield,1Fam,1Story,10,7,1975,1991,PConc,1405.0,1215,606,1821,2,1,3,6,1,0.0,68.0,Y,Y,Fa,10833552
1474,RL,7710,Viman Nagar,1Fam,1Story,9,8,1988,1991,CBlock,1133.0,1208,442,1650,3,1,4,9,1,1.0,201.0,Y,Y,TA,11433668
1475,FV,9549,Sector17,Duplex,1Story,7,7,2007,2024,CBlock,848.0,1159,44,1203,2,1,2,6,1,0.0,0.0,Y,Y,Gd,10481560
1476,RL,7395,Koramangala,1Fam,SplitLevel,4,8,1997,2016,PConc,1360.0,2690,140,2830,3,0,2,7,1,3.0,652.0,Y,Y,Gd,14917754
1477,C,5341,Indiranagar,1Fam,1Story,8,8,1971,1985,CBlock,972.0,1073,897,1970,2,1,2,6,0,3.0,645.0,Y,Y,Fa,10076874
1478,RL,3790,Viman Nagar,1Fam,2Story,8,8,2007,2017,PConc,,941,722,1663,3,1,3,8,1,0.0,0.0,Y,Y,Gd,14019292
1479,RL,6302,Viman Nagar,1Fam,1Story,6,8,2006,2017,BrkTil,629.0,1004,339,1343,3,0,4,9,0,2.0,455.0,N,Y,Gd,12563220
1480,RL,3083,Whitefield,1Fam,2Story,6,8,2020,2024,BrkTil,1084.0,1148,928,2076,3,0,3,8,2,0.0,3.0,Y,Y,Ex,17929275
1481,RM,5743,Indiranagar,Apartment,2Story,3,4,2021,2024,PConc,637.0,811,395,1206,2,0,4,8,0,0.0,63.0,Y,N,TA,11319621
1482,C,6414,Bandra,Apartment,2Story,7,8,1973,1987,CBlock,,668,496,1164,2,1,5,9,2,1.0,286.0,Y,Y,Fa,10349877
1483,RM,5620,Andheri,1Fam,2Story,6,4,1991,2005,CBlock,1179.0,2000,446,2446,3,0,3,7,0,2.0,532.0,Y,Y,TA,12176023
1484,FV,7083,Bandra,1Fam,2Story,3,8,1995,1999,PConc,1155.0,1574,41,1615,2,0,2,5,2,,3.0,Y,Y,Gd,14302096
1485,C,6527,Indiranagar,1Fam,1Story,9,7,2018,2024,BrkTil,568.0,1216,2,1218,3,1,5,10,0,1.0,270.0,Y,Y,TA,14945407
1486,RL,6344,Bandra,Apartment,1Story,9,9,2012,2024,CBlock,659.0,1101,501,1602,2,0,4,8,0,1.0,242.0,Y,Y,TA,15287642
1487,RM,2151,Saket,1Fam,SplitLevel,6,8,2005,2018,CBlock,1319.0,1619,406,2025,3,0,3,7,2,1.0,247.0,Y,N,Ex,12625968
1488,RL,4410,Sector17,1Fam,1Story,7,5,1982,1998,CBlock,1509.0,1772,138,1910,3,1,4,8,1,3.0,621.0,Y,Y,Ex,14076504
1489,RL,8285,Saket,Apartment,1Story,8,8,2021,2024,PConc,,1166,921,2087,1,0,4,6,1,1.0,247.0,N,N,Fa,8321929
1490,RL,8608,Malad,1Fam,1Story,5,8,2001,2003,PConc,436.0,823,152,975,2,1,3,7,1,1.0,131.0,Y,N,Gd,7957692
1491,RL,3322,Bandra,1Fam,1Story,10,7,1986,1987,PConc,1302.0,1460,614,2074,2,1,3,6,1,3.0,598.0,Y,N,Gd,14041023
1492,RM,5370,Malad,1Fam,1Story,7,6,2010,2010,PConc,1151.0,910,600,1510,1,1,4,6,1,3.0,567.0,Y,Y,Gd,11148180
1493,RL,9143,Koramangala,1Fam,2Story,10,7,2005,2014,BrkTil,1173.0,1153,491,1644,3,1,4,8,0,1.0,163.0,Y,N,Fa,10789910
1494,RM,5563,Powai,Apartment,SplitLevel,4,5,2015,2024,PConc,1430.0,1185,1019,2204,3,1,5,9,1,0.0,0.0,Y,Y,TA,14355085
1495,FV,6777,Koramangala,Duplex,2Story,9,6,1988,2004,BrkTil,1026.0,1653,298,1951,1,0,2,4,0,2.0,373.0,Y,Y,TA,12322455
1496,RL,9883,Indiranagar,1Fam,1Story,6,3,2004,2015,CBlock,1094.0,1111,664,1775,1,1,4,7,2,3.0,591.0,Y,Y,Gd,16198820
1497,RM,6276,Viman Nagar,1Fam,2Story,6,3,2015,2015,CBlock,265.0,398,210,608,3,1,2,6,1,2.0,409.0,Y,Y,TA,9950604
1498,RM,5990,Sector17,1Fam,2Story,10,5,2009,2020,PConc,1059.0,883,694,1577,2,1,5,9,1,3.0,599.0,N,Y,TA,11708175
1499,RL,6685,Bandra,1Fam,SplitLevel,8,7,1997,2013,PConc,832.0,1125,82,1207,1,1,2,4,1,1.0,252.0,N,Y,Fa,11151048
1500,RM,10706,Whitefield,1Fam,1Story,10,4,1970,1972,PConc,1536.0,1459,496,1955,1,0,2,4,1,3.0,555.0,Y,N,Gd,12436384
